movie_id,title,platform,genre,release_year,budget_million,box_office_million,critic_score,audience_score,views_million,region
1.0,Movie_1,Hulu,Documentary,2004.0,238.19,361.08,66.0,8.1,127.2,Oceania
2.0,Movie_2,HBO,Romance,2023.0,95.71,224.12,41.0,3.5,315.56,Africa
3.0,Movie_3,Disney+,Documentary,2024.0,257.3,952.06,70.0,9.2,12.59,Oceania
4.0,Movie_4,HBO,Documentary,2014.0,271.94,93.15,96.0,,360.39,Oceania
,Movie_5,,Thriller,2013.0,83.79,257.27,,8.7,257.06,
6.0,Movie_6,Prime,Sci-Fi,2001.0,295.07,939.05,41.0,4.0,302.92,EU
7.0,Movie_7,Disney+,Documentary,2007.0,43.07,142.01,68.0,1.5,315.98,
8.0,Movie_8,Disney+,Comedy,2004.0,61.4,88.26,54.0,7.0,263.57,SA
9.0,Movie_9,Disney+,Documentary,2005.0,56.08,205.03,51.0,3.1,291.31,Oceania
10.0,Movie_10,HBO,Documentary,,268.3,195.74,76.0,3.2,,SA
11.0,Movie_11,Hulu,Documentary,1997.0,196.63,243.15,67.0,3.8,376.58,EU
12.0,Movie_12,Disney+,Thriller,2014.0,46.48,205.63,59.0,1.6,363.75,SA
13.0,Movie_13,Theater,Thriller,2006.0,132.66,500.39,,2.6,434.82,Oceania
14.0,Movie_14,HBO,Action,2018.0,184.97,67.44,78.0,1.0,94.8,Asia
15.0,Movie_15,Prime,Thriller,1997.0,25.96,38.09,63.0,5.0,,SA
16.0,Movie_16,Hulu,,2004.0,264.84,,60.0,1.8,,EU
17.0,Movie_17,Theater,Comedy,2016.0,241.28,379.48,49.0,7.1,198.36,EU
18.0,Movie_18,Theater,,1996.0,152.06,222.54,85.0,3.1,62.52,Asia
19.0,Movie_19,,Romance,1992.0,290.17,172.32,53.0,9.5,262.77,SA
20.0,Movie_20,Hulu,Sci-Fi,2018.0,,,,8.8,54.83,SA
21.0,Movie_21,HBO,Thriller,2013.0,295.25,,57.0,3.6,101.51,
22.0,Movie_22,Netflix,Documentary,1992.0,200.71,632.57,63.0,8.0,499.16,Africa
23.0,Movie_23,Hulu,Drama,2009.0,190.77,660.54,53.0,8.2,270.73,EU
24.0,,Prime,Sci-Fi,2004.0,50.62,34.49,73.0,9.9,142.1,
25.0,Movie_25,Theater,Sci-Fi,2014.0,264.7,,97.0,6.4,497.39,EU
26.0,Movie_26,HBO,Comedy,2019.0,128.82,546.31,51.0,1.7,483.28,
27.0,Movie_27,Hulu,Sci-Fi,2003.0,49.51,202.2,61.0,6.8,220.43,Africa
28.0,,Netflix,Thriller,1996.0,4.77,19.88,95.0,6.6,130.28,
29.0,Movie_29,,Documentary,2006.0,168.37,788.6,45.0,,419.22,EU
30.0,Movie_30,Disney+,Documentary,,158.69,453.54,75.0,3.8,357.84,SA
31.0,,Disney+,Action,2025.0,216.09,268.24,84.0,8.7,343.5,EU
32.0,Movie_32,Prime,Documentary,1998.0,267.19,854.71,,9.6,446.57,Oceania
33.0,Movie_33,Hulu,,2011.0,,93.8,61.0,3.0,,Asia
34.0,Movie_34,Hulu,Comedy,1991.0,219.72,,53.0,1.8,141.97,Asia
35.0,Movie_35,Theater,Documentary,2013.0,57.04,156.91,55.0,2.8,346.96,Oceania
36.0,Movie_36,Theater,Action,1997.0,257.59,160.16,100.0,8.4,,Asia
37.0,Movie_37,Theater,Drama,2000.0,245.9,502.68,75.0,7.1,379.64,Asia
38.0,Movie_38,Disney+,,2002.0,162.7,752.91,95.0,6.7,309.91,Africa
39.0,,Hulu,Comedy,2006.0,213.36,,64.0,4.6,38.8,SA
40.0,Movie_40,Hulu,Drama,1997.0,94.99,268.84,71.0,6.2,256.47,SA
41.0,Movie_41,Netflix,,2010.0,,221.85,72.0,3.8,171.72,EU
,Movie_42,Disney+,Romance,2007.0,246.67,501.16,84.0,5.3,164.35,Oceania
43.0,Movie_43,HBO,Sci-Fi,2019.0,138.32,623.56,75.0,8.1,301.17,
44.0,Movie_44,Disney+,Romance,2007.0,107.98,370.63,,9.8,,EU
45.0,Movie_45,HBO,Documentary,2020.0,,595.19,57.0,9.4,388.47,
46.0,Movie_46,Netflix,Drama,2021.0,248.65,605.57,,,35.49,EU
47.0,Movie_47,Prime,,2000.0,101.23,330.23,42.0,,330.23,EU
48.0,Movie_48,Hulu,Sci-Fi,2014.0,52.95,77.7,,5.2,404.62,SA
49.0,Movie_49,Netflix,,2022.0,213.89,773.35,71.0,7.4,336.45,
50.0,Movie_50,Hulu,Sci-Fi,,247.97,572.74,84.0,9.3,248.66,EU
51.0,Movie_51,Theater,Action,2000.0,31.09,73.99,98.0,2.3,475.16,SA
52.0,Movie_52,Prime,Sci-Fi,,72.72,243.74,55.0,3.7,,EU
53.0,Movie_53,Prime,Action,,,204.24,98.0,2.3,9.68,Asia
54.0,Movie_54,Netflix,Sci-Fi,,105.03,63.11,44.0,,,EU
55.0,Movie_55,Prime,Thriller,2001.0,135.65,566.51,43.0,3.8,16.6,Oceania
56.0,Movie_56,HBO,Action,2021.0,,376.53,60.0,3.9,476.97,Oceania
57.0,Movie_57,Prime,Drama,2004.0,195.69,467.0,,1.6,105.04,EU
58.0,Movie_58,Hulu,Documentary,2005.0,186.66,75.22,,4.1,394.48,Africa
59.0,Movie_59,Hulu,Documentary,2011.0,,182.4,53.0,8.8,387.31,Asia
60.0,Movie_60,Hulu,Romance,2017.0,252.59,672.49,78.0,3.1,108.94,
61.0,Movie_61,,Documentary,2009.0,,80.04,70.0,7.3,310.65,EU
62.0,Movie_62,HBO,Comedy,2022.0,293.75,766.14,53.0,6.7,24.13,
,Movie_63,Disney+,Thriller,1999.0,190.61,,45.0,8.8,241.84,
64.0,Movie_64,Theater,Sci-Fi,2021.0,38.75,30.82,51.0,2.2,7.42,EU
65.0,Movie_65,Netflix,Romance,2022.0,203.18,790.95,,,460.58,Africa
66.0,Movie_66,Hulu,Comedy,1991.0,98.21,,56.0,6.2,488.05,SA
67.0,Movie_67,Prime,Comedy,2022.0,206.21,696.85,,10.0,111.22,Africa
68.0,Movie_68,Hulu,,2022.0,21.82,33.23,62.0,,104.13,Africa
69.0,Movie_69,Prime,Documentary,2002.0,53.29,55.93,53.0,3.0,376.88,SA
,Movie_70,Theater,Drama,2019.0,256.87,270.79,100.0,1.5,126.76,SA
71.0,Movie_71,Theater,Drama,2022.0,68.93,43.52,46.0,3.3,447.55,Oceania
72.0,Movie_72,Theater,,2002.0,251.28,294.64,85.0,5.7,,SA
73.0,Movie_73,Prime,Thriller,2015.0,84.5,289.14,71.0,2.5,,EU
74.0,Movie_74,Hulu,Drama,2011.0,193.22,858.66,54.0,2.5,416.36,
75.0,Movie_75,Theater,Sci-Fi,1991.0,208.55,860.56,83.0,5.2,246.75,Oceania
76.0,Movie_76,HBO,Drama,2015.0,154.28,543.09,56.0,1.3,455.83,Oceania
77.0,Movie_77,,Romance,2004.0,92.29,75.59,80.0,2.1,464.01,
78.0,Movie_78,Prime,,,64.58,107.15,93.0,4.7,82.79,Oceania
79.0,Movie_79,Hulu,,2000.0,10.92,19.18,86.0,,1.26,SA
80.0,Movie_80,Prime,Action,1992.0,91.88,135.5,83.0,4.6,491.97,Africa
81.0,Movie_81,Prime,Thriller,1995.0,,534.04,73.0,5.3,453.08,
82.0,Movie_82,Theater,Romance,1998.0,281.55,793.16,44.0,5.1,27.82,SA
,Movie_83,Hulu,Action,1995.0,261.49,517.06,84.0,8.8,416.53,Africa
84.0,Movie_84,Theater,Action,1998.0,230.05,451.54,66.0,5.8,,Africa
85.0,Movie_85,Theater,Action,2020.0,236.75,992.98,91.0,5.2,,Oceania
86.0,Movie_86,,Comedy,2021.0,199.83,801.25,62.0,4.7,439.39,EU
87.0,Movie_87,Netflix,Thriller,2001.0,78.83,137.69,79.0,8.4,98.41,EU
88.0,Movie_88,Theater,Documentary,1997.0,272.25,1250.94,98.0,9.1,473.66,Oceania
89.0,Movie_89,HBO,Thriller,1997.0,,963.05,53.0,8.7,102.89,Oceania
90.0,,HBO,Comedy,2017.0,168.57,309.44,54.0,7.1,306.88,
91.0,Movie_91,Prime,Documentary,2009.0,34.19,67.21,82.0,2.2,111.62,
92.0,Movie_92,,Thriller,1996.0,134.67,360.44,72.0,3.5,272.88,Asia
93.0,Movie_93,Prime,Action,2000.0,138.65,654.88,92.0,1.4,342.02,Asia
94.0,Movie_94,Netflix,Romance,2009.0,259.5,1146.65,70.0,9.4,95.19,Asia
95.0,Movie_95,Hulu,Documentary,2005.0,164.45,128.61,,6.9,260.49,Asia
96.0,Movie_96,,Sci-Fi,1993.0,114.74,246.21,56.0,7.7,234.58,Africa
97.0,,Hulu,Sci-Fi,1995.0,293.06,850.12,67.0,,35.61,Africa
98.0,Movie_98,HBO,Drama,2011.0,34.11,90.89,58.0,8.6,,
99.0,,Netflix,Documentary,2015.0,127.34,154.23,85.0,,167.91,EU
100.0,Movie_100,,Romance,1992.0,13.57,58.85,93.0,,,Oceania
101.0,Movie_101,HBO,Comedy,2003.0,222.23,773.72,62.0,4.4,,EU
102.0,Movie_102,Netflix,Action,2000.0,275.5,1167.62,71.0,6.1,256.68,SA
103.0,Movie_103,Netflix,Drama,2007.0,84.73,367.41,79.0,5.3,53.7,Africa
104.0,Movie_104,Netflix,Sci-Fi,2001.0,,983.48,52.0,8.8,,Asia
,Movie_105,Netflix,Comedy,2012.0,88.37,208.93,98.0,1.9,226.24,Asia
106.0,Movie_106,Hulu,Comedy,2001.0,273.32,866.31,59.0,6.0,366.85,SA
107.0,Movie_107,Disney+,Action,2002.0,226.43,238.59,74.0,5.6,420.03,EU
108.0,Movie_108,Disney+,Documentary,2014.0,241.67,837.66,44.0,3.5,272.54,Asia
109.0,Movie_109,Netflix,Sci-Fi,2008.0,6.38,7.29,48.0,8.4,43.48,EU
110.0,Movie_110,Disney+,,2025.0,288.88,1028.86,68.0,7.8,118.5,Oceania
111.0,Movie_111,Disney+,Comedy,1997.0,218.27,301.02,45.0,7.6,,SA
112.0,Movie_112,Netflix,Action,2018.0,92.12,78.53,64.0,8.9,62.4,EU
113.0,Movie_113,Disney+,Romance,2021.0,248.99,268.12,70.0,7.5,183.01,Oceania
114.0,Movie_114,HBO,Documentary,2007.0,85.17,26.35,61.0,3.1,114.77,EU
115.0,Movie_115,Prime,,1995.0,261.95,963.47,41.0,7.4,109.23,EU
116.0,Movie_116,Prime,Documentary,2007.0,34.66,129.71,84.0,3.8,,Asia
117.0,,,Comedy,2008.0,211.4,575.05,44.0,3.2,8.93,
118.0,Movie_118,Hulu,Romance,2011.0,,172.17,99.0,1.7,51.47,Africa
,Movie_119,Netflix,,2021.0,29.86,20.68,66.0,7.7,,
120.0,Movie_120,Hulu,,1992.0,73.33,28.59,64.0,7.4,215.55,
121.0,Movie_121,Prime,Comedy,2017.0,4.71,5.08,47.0,3.1,255.31,EU
122.0,Movie_122,Netflix,Comedy,1999.0,141.16,633.39,94.0,7.7,70.38,
,Movie_123,Theater,Documentary,2024.0,91.08,130.72,40.0,9.3,212.45,Oceania
124.0,Movie_124,HBO,Drama,2018.0,179.91,353.54,59.0,2.0,170.94,SA
125.0,Movie_125,,Documentary,2004.0,89.87,71.46,83.0,3.1,91.79,Asia
126.0,Movie_126,,Sci-Fi,2022.0,90.68,,62.0,7.8,3.52,
127.0,Movie_127,Theater,Action,1996.0,223.21,611.67,71.0,3.5,233.56,Oceania
128.0,Movie_128,Disney+,Romance,2001.0,,48.58,50.0,6.6,342.86,EU
129.0,Movie_129,Disney+,Drama,2019.0,270.97,393.76,78.0,1.7,113.22,Oceania
130.0,Movie_130,,Action,2010.0,255.83,,86.0,,65.99,
131.0,Movie_131,Disney+,Drama,2020.0,,429.0,,7.7,443.53,
132.0,Movie_132,HBO,Thriller,2013.0,178.37,249.85,63.0,,137.58,
133.0,Movie_133,Theater,Documentary,2009.0,267.8,356.68,50.0,8.3,111.88,SA
134.0,Movie_134,Disney+,Comedy,1993.0,56.41,271.41,68.0,8.9,428.56,Africa
135.0,Movie_135,Netflix,Romance,2017.0,24.61,78.67,93.0,8.0,408.57,Asia
136.0,Movie_136,HBO,,2009.0,72.61,211.83,65.0,7.0,224.23,SA
137.0,Movie_137,Prime,,2013.0,238.58,537.79,55.0,1.3,244.67,SA
138.0,Movie_138,Theater,,2021.0,,26.33,74.0,5.8,108.95,Africa
139.0,Movie_139,Disney+,Thriller,2025.0,175.26,,59.0,1.3,39.24,SA
140.0,Movie_140,Netflix,Thriller,2023.0,298.64,1067.11,85.0,8.3,286.76,
141.0,Movie_141,,,,256.85,924.68,42.0,,,
142.0,Movie_142,Prime,Action,1991.0,156.91,173.69,40.0,,224.69,Oceania
143.0,Movie_143,Hulu,Action,2004.0,20.03,53.09,97.0,3.5,470.25,EU
144.0,Movie_144,HBO,Action,,249.58,558.11,92.0,8.0,476.42,SA
145.0,Movie_145,Disney+,Thriller,2025.0,180.09,790.86,86.0,9.0,119.74,EU
146.0,Movie_146,Netflix,Thriller,1995.0,35.36,115.54,40.0,4.6,312.09,Asia
,Movie_147,Hulu,Drama,2001.0,29.06,81.45,56.0,8.8,237.09,
148.0,Movie_148,HBO,Documentary,1992.0,272.98,229.95,41.0,3.4,437.85,Oceania
149.0,Movie_149,Hulu,,2007.0,,632.73,68.0,5.8,135.79,Asia
150.0,Movie_150,Theater,,,,211.83,59.0,8.7,1.95,Oceania
151.0,Movie_151,HBO,Thriller,2004.0,263.81,497.25,45.0,3.9,81.36,
152.0,Movie_152,HBO,Comedy,2022.0,,,47.0,9.6,174.83,
153.0,Movie_153,Disney+,Documentary,2024.0,155.72,553.23,68.0,,157.93,Asia
154.0,Movie_154,HBO,Documentary,2015.0,129.7,,87.0,1.2,395.7,Africa
155.0,Movie_155,Hulu,Comedy,,95.77,205.11,,9.1,340.31,Asia
,,HBO,Thriller,2025.0,130.94,,72.0,1.6,,Oceania
157.0,Movie_157,Disney+,Comedy,2019.0,232.39,292.88,42.0,9.9,228.93,Africa
158.0,Movie_158,Disney+,Drama,2012.0,180.98,486.24,99.0,9.6,47.87,
159.0,Movie_159,Theater,Sci-Fi,2003.0,267.86,608.2,,2.2,449.08,
160.0,Movie_160,Hulu,Thriller,2003.0,133.57,51.45,44.0,5.8,467.72,EU
161.0,Movie_161,Prime,Thriller,1991.0,182.52,734.82,66.0,2.7,489.9,Oceania
162.0,,Prime,Romance,1994.0,189.76,118.51,83.0,4.9,434.29,Oceania
,Movie_163,HBO,Action,2003.0,177.92,449.96,51.0,1.6,87.06,Africa
164.0,Movie_164,Theater,Sci-Fi,2014.0,211.09,619.59,59.0,3.0,23.19,Africa
165.0,Movie_165,Netflix,Documentary,2009.0,71.99,234.23,84.0,,289.84,
166.0,Movie_166,HBO,Thriller,1991.0,154.2,545.34,59.0,4.9,456.31,EU
167.0,Movie_167,Theater,,1995.0,32.16,47.93,48.0,9.8,88.76,Oceania
168.0,Movie_168,Hulu,Sci-Fi,,115.97,40.23,78.0,,3.62,
169.0,Movie_169,Hulu,Romance,2014.0,146.81,543.22,43.0,7.6,402.77,SA
170.0,Movie_170,Hulu,Documentary,2017.0,196.02,552.3,90.0,5.8,38.49,EU
171.0,Movie_171,,Action,1991.0,285.21,1206.37,93.0,8.6,206.91,Asia
172.0,Movie_172,Hulu,Action,2024.0,180.59,751.35,58.0,4.1,339.48,
173.0,Movie_173,Theater,Romance,1994.0,223.33,952.2,77.0,7.4,118.48,EU
174.0,Movie_174,,Romance,1990.0,152.37,,66.0,9.9,42.07,SA
,Movie_175,Disney+,Comedy,2001.0,,356.05,84.0,3.8,385.03,Africa
176.0,Movie_176,Prime,Thriller,2025.0,22.21,89.29,82.0,7.1,,SA
177.0,,Hulu,Action,2012.0,77.06,186.57,,8.6,494.25,Africa
178.0,Movie_178,Netflix,Documentary,2020.0,109.19,,52.0,9.2,172.22,
179.0,Movie_179,Theater,,2000.0,142.28,614.42,99.0,7.5,30.98,Africa
180.0,Movie_180,Netflix,Documentary,1999.0,14.65,65.16,96.0,3.6,367.2,EU
181.0,Movie_181,Netflix,Drama,1992.0,,,61.0,3.9,260.91,Africa
182.0,Movie_182,Netflix,Drama,2003.0,83.77,,67.0,,106.68,Asia
183.0,Movie_183,Disney+,,2005.0,291.49,618.77,91.0,7.8,390.89,EU
184.0,Movie_184,,Comedy,1999.0,100.07,407.95,86.0,1.4,101.96,
185.0,Movie_185,Netflix,Drama,2018.0,145.13,658.65,92.0,8.8,130.4,EU
186.0,Movie_186,Hulu,Action,1999.0,59.63,74.91,84.0,2.1,46.36,Asia
187.0,Movie_187,HBO,Documentary,2001.0,183.62,112.89,61.0,,,
188.0,Movie_188,Netflix,Documentary,2019.0,84.92,375.65,82.0,5.3,209.52,SA
189.0,Movie_189,Disney+,Romance,1990.0,62.89,133.97,58.0,7.6,257.33,Asia
190.0,Movie_190,Theater,Thriller,1994.0,155.46,442.48,47.0,2.3,354.51,
191.0,,Disney+,Thriller,2009.0,2.65,12.85,91.0,5.0,453.06,Africa
192.0,Movie_192,Netflix,Sci-Fi,1997.0,3.29,2.02,47.0,5.3,68.95,EU
,,,Romance,2001.0,66.5,222.58,81.0,2.9,27.27,
194.0,Movie_194,HBO,Sci-Fi,1990.0,11.98,7.77,65.0,,9.36,EU
,Movie_195,Netflix,Thriller,2009.0,33.3,68.75,87.0,8.5,71.9,Africa
196.0,Movie_196,Disney+,Romance,2017.0,102.32,417.25,90.0,5.5,329.01,
,Movie_197,Prime,,2001.0,240.97,563.22,65.0,1.1,363.77,SA
198.0,Movie_198,Hulu,Romance,2017.0,172.04,857.92,62.0,8.2,393.27,Asia
199.0,Movie_199,,Thriller,2004.0,154.29,451.7,82.0,9.8,121.93,
200.0,,Theater,Sci-Fi,1995.0,88.75,160.59,52.0,6.5,153.02,Africa
201.0,Movie_201,Netflix,Sci-Fi,,279.59,373.12,67.0,5.5,241.62,
202.0,Movie_202,Hulu,Romance,2003.0,119.71,233.13,48.0,8.9,31.69,EU
203.0,Movie_203,Netflix,Drama,1991.0,27.04,55.46,59.0,9.6,305.61,Oceania
204.0,Movie_204,Theater,Comedy,1998.0,185.5,115.56,95.0,7.8,491.87,
205.0,Movie_205,Netflix,Thriller,2009.0,35.04,71.38,58.0,5.0,180.47,SA
206.0,Movie_206,Prime,Comedy,2015.0,,258.67,,6.3,,
207.0,Movie_207,Hulu,Comedy,,152.72,564.59,78.0,7.3,250.07,
208.0,Movie_208,Hulu,Sci-Fi,1990.0,262.39,888.62,90.0,,63.99,
209.0,Movie_209,Theater,Sci-Fi,2024.0,148.57,539.49,51.0,,291.16,Oceania
210.0,Movie_210,Prime,Drama,1995.0,210.98,71.59,54.0,8.5,150.01,EU
211.0,Movie_211,Disney+,Comedy,1994.0,297.85,,70.0,,17.3,
,Movie_212,,Comedy,,40.32,137.49,94.0,4.7,317.5,SA
213.0,Movie_213,HBO,Romance,2003.0,83.14,214.06,53.0,,429.48,Africa
214.0,,Netflix,Sci-Fi,2001.0,118.98,38.67,50.0,2.1,172.45,
215.0,Movie_215,Netflix,Comedy,2009.0,,,65.0,4.6,195.21,
216.0,Movie_216,Disney+,Documentary,2013.0,123.9,487.2,81.0,8.1,,Asia
217.0,Movie_217,Netflix,Drama,2023.0,272.38,,66.0,3.0,406.82,SA
218.0,Movie_218,Prime,Documentary,,214.5,131.36,50.0,2.7,357.5,
219.0,Movie_219,Prime,,,182.76,713.24,77.0,9.6,124.47,Africa
220.0,,Hulu,,2020.0,93.5,284.56,73.0,2.9,455.12,EU
221.0,Movie_221,Theater,Thriller,,247.31,983.11,82.0,3.3,77.29,
222.0,Movie_222,HBO,Drama,2009.0,286.56,1098.44,58.0,9.7,313.42,Oceania
,Movie_223,Netflix,Documentary,2012.0,246.54,1004.43,45.0,7.6,14.5,
224.0,Movie_224,Netflix,Comedy,,,4.02,,7.3,321.9,EU
225.0,Movie_225,,Sci-Fi,1997.0,191.28,183.54,91.0,8.7,138.64,Oceania
226.0,Movie_226,Theater,Drama,2010.0,16.29,56.27,,2.0,224.89,SA
227.0,Movie_227,Prime,Romance,1990.0,78.02,250.93,88.0,7.4,,SA
228.0,Movie_228,HBO,Documentary,1997.0,18.8,71.23,81.0,5.5,86.46,Africa
229.0,Movie_229,Hulu,Drama,2018.0,181.53,199.4,67.0,8.5,311.03,EU
230.0,Movie_230,Prime,Action,2021.0,206.29,250.93,40.0,5.6,,SA
231.0,Movie_231,Theater,Action,1994.0,35.23,158.0,74.0,6.6,479.55,Africa
232.0,Movie_232,Hulu,Thriller,2011.0,115.77,,79.0,5.3,96.25,SA
,Movie_233,Disney+,Sci-Fi,2023.0,137.41,,47.0,5.3,358.71,SA
234.0,Movie_234,Disney+,,1990.0,111.35,430.47,98.0,7.9,332.2,Oceania
235.0,Movie_235,Netflix,Sci-Fi,2015.0,37.19,115.54,91.0,6.7,171.75,Oceania
236.0,Movie_236,Theater,Sci-Fi,1999.0,126.27,426.09,93.0,6.7,,SA
237.0,Movie_237,,Sci-Fi,2019.0,225.6,,86.0,5.1,344.93,Asia
238.0,Movie_238,Hulu,Sci-Fi,2007.0,22.23,67.14,95.0,5.8,472.75,Oceania
239.0,Movie_239,Prime,Romance,2006.0,24.97,81.71,46.0,7.7,316.1,
240.0,,,Romance,2015.0,107.08,110.87,50.0,8.4,217.7,
241.0,Movie_241,Theater,,,282.58,714.2,78.0,7.3,262.62,Africa
242.0,Movie_242,Disney+,,2001.0,200.9,736.71,,9.3,99.89,EU
243.0,Movie_243,Netflix,,2016.0,203.92,320.85,43.0,8.4,375.3,EU
244.0,Movie_244,Netflix,Sci-Fi,1997.0,109.21,136.58,64.0,6.1,373.24,EU
245.0,Movie_245,Hulu,Thriller,2014.0,178.5,316.84,51.0,7.0,72.84,EU
246.0,Movie_246,Disney+,Drama,1993.0,4.03,5.78,65.0,9.3,439.0,
,Movie_247,Theater,Action,2022.0,191.19,250.48,77.0,6.6,134.67,Africa
248.0,Movie_248,HBO,Documentary,1990.0,274.07,629.48,85.0,8.4,491.13,
249.0,Movie_249,Disney+,Comedy,2008.0,184.16,841.03,51.0,7.2,,SA
,,Hulu,Romance,2020.0,262.24,703.64,,6.0,,SA
,Movie_251,Hulu,Documentary,2005.0,217.47,257.32,90.0,3.2,175.92,Africa
252.0,Movie_252,Disney+,Action,2003.0,37.05,24.52,92.0,4.8,220.15,SA
,Movie_253,Hulu,Documentary,1994.0,270.83,967.39,76.0,9.7,34.75,EU
254.0,Movie_254,Disney+,Comedy,2015.0,20.87,,85.0,6.9,289.15,
255.0,Movie_255,Prime,Thriller,2017.0,160.66,668.76,92.0,6.1,298.86,EU
256.0,Movie_256,,,1991.0,43.5,147.89,63.0,9.4,,SA
257.0,Movie_257,Disney+,Documentary,1995.0,4.5,18.19,55.0,6.3,14.68,Oceania
258.0,,Hulu,Romance,1998.0,127.19,200.72,96.0,5.7,,
,Movie_259,Hulu,Romance,2022.0,89.22,317.1,52.0,7.8,26.55,EU
260.0,Movie_260,Netflix,Drama,2014.0,146.31,225.48,64.0,7.4,,Africa
261.0,Movie_261,Netflix,Documentary,,,818.19,100.0,2.7,27.96,EU
262.0,Movie_262,Prime,Sci-Fi,1998.0,14.08,46.34,93.0,5.2,,
263.0,Movie_263,Netflix,Documentary,2002.0,37.78,68.96,93.0,,351.07,SA
264.0,Movie_264,Disney+,Thriller,2020.0,168.03,263.25,96.0,,253.74,
265.0,Movie_265,Hulu,Action,,103.61,124.06,91.0,5.7,220.81,Africa
266.0,Movie_266,Netflix,Action,1993.0,219.02,780.77,93.0,4.7,65.42,
,Movie_267,Netflix,Thriller,2023.0,196.04,260.33,43.0,2.8,145.57,Africa
,Movie_268,Prime,Documentary,1993.0,253.84,786.38,50.0,4.7,434.49,
269.0,Movie_269,Theater,Thriller,2008.0,208.06,321.2,71.0,1.7,452.24,SA
270.0,Movie_270,Prime,Comedy,1995.0,129.55,441.93,88.0,6.2,0.47,Africa
271.0,Movie_271,Disney+,Thriller,2023.0,202.22,835.21,46.0,8.7,297.11,Asia
272.0,,Hulu,Romance,2007.0,83.34,329.75,85.0,7.5,359.68,
273.0,Movie_273,Prime,Thriller,2002.0,92.59,358.88,97.0,4.2,309.41,
274.0,Movie_274,Netflix,Action,2012.0,236.91,,50.0,1.8,40.93,EU
275.0,Movie_275,Hulu,Romance,2008.0,134.48,,67.0,2.8,108.94,Africa
276.0,Movie_276,Hulu,Action,2000.0,239.72,,,5.9,125.25,
277.0,Movie_277,Netflix,Drama,1990.0,246.9,501.51,80.0,2.9,415.88,Asia
278.0,Movie_278,Prime,Sci-Fi,2013.0,257.41,600.29,62.0,5.9,231.65,SA
279.0,Movie_279,Netflix,Action,1996.0,275.07,122.79,84.0,3.1,243.47,EU
280.0,Movie_280,Theater,Romance,2014.0,129.86,197.39,62.0,8.6,467.45,Asia
281.0,Movie_281,,Drama,2010.0,96.34,44.15,89.0,4.6,,Africa
282.0,Movie_282,HBO,Action,2004.0,175.08,775.98,67.0,3.2,449.34,Asia
283.0,Movie_283,HBO,,1990.0,111.98,161.7,82.0,8.3,228.31,
284.0,Movie_284,Disney+,Thriller,2001.0,,527.61,86.0,,,
285.0,Movie_285,Netflix,Sci-Fi,1996.0,,102.42,96.0,2.0,464.97,EU
286.0,Movie_286,Netflix,Action,2004.0,206.83,710.29,65.0,6.1,229.41,Africa
287.0,Movie_287,Disney+,Drama,2010.0,112.99,205.44,64.0,6.2,90.9,
288.0,Movie_288,Disney+,,2008.0,,230.03,93.0,7.4,151.27,Asia
,Movie_289,,Documentary,2018.0,129.73,580.43,68.0,3.2,25.5,EU
290.0,Movie_290,Hulu,Drama,2014.0,43.64,79.81,58.0,,234.2,Africa
291.0,Movie_291,Theater,Thriller,2022.0,267.14,1211.35,72.0,3.5,426.58,
292.0,Movie_292,Netflix,Drama,,104.42,520.21,75.0,1.7,466.8,Oceania
293.0,,,Comedy,2024.0,47.18,,53.0,8.9,466.31,
294.0,Movie_294,Disney+,Drama,2015.0,8.61,36.77,53.0,7.6,62.7,Asia
295.0,Movie_295,Netflix,Comedy,2000.0,194.1,285.39,74.0,3.7,191.09,SA
296.0,Movie_296,Hulu,Action,2024.0,191.43,,69.0,6.4,14.21,
297.0,Movie_297,Theater,Comedy,1997.0,102.84,63.36,67.0,2.8,427.6,EU
298.0,Movie_298,Hulu,Comedy,2003.0,22.44,16.74,56.0,,179.44,Africa
299.0,Movie_299,,Sci-Fi,,123.48,,42.0,,315.6,
300.0,Movie_300,,Comedy,,94.05,172.6,55.0,1.0,357.48,SA
301.0,Movie_301,Theater,,1998.0,203.46,776.5,85.0,5.5,214.98,SA
302.0,Movie_302,Netflix,Documentary,1992.0,182.13,,69.0,6.2,153.29,
303.0,Movie_303,Disney+,Action,2010.0,110.01,476.64,91.0,6.2,481.11,EU
304.0,,Netflix,Thriller,,66.15,330.01,68.0,1.5,482.25,
305.0,Movie_305,HBO,Sci-Fi,1997.0,296.42,425.37,84.0,3.8,144.79,Asia
306.0,Movie_306,Prime,Documentary,1991.0,136.75,66.96,54.0,5.5,239.86,
307.0,,Theater,,1995.0,,461.68,85.0,2.9,486.42,
308.0,Movie_308,Prime,Action,2017.0,43.03,39.22,95.0,8.9,2.53,SA
309.0,Movie_309,Prime,Action,2018.0,146.19,59.27,64.0,1.8,206.4,EU
310.0,Movie_310,,Romance,2015.0,9.23,18.4,,5.4,50.32,EU
311.0,Movie_311,Disney+,Thriller,2014.0,152.13,606.02,77.0,7.2,254.63,Asia
312.0,Movie_312,HBO,Comedy,2001.0,289.24,856.45,,3.4,12.43,EU
313.0,Movie_313,Netflix,Documentary,1994.0,115.88,205.11,98.0,6.6,203.51,Oceania
314.0,Movie_314,Hulu,Drama,2023.0,12.66,42.73,86.0,8.5,110.43,Oceania
315.0,Movie_315,Netflix,Sci-Fi,2004.0,10.26,14.27,,2.7,266.7,Oceania
316.0,Movie_316,Hulu,Drama,2025.0,117.01,43.01,,9.3,498.0,EU
317.0,Movie_317,,Romance,2004.0,,190.15,91.0,6.0,400.29,EU
318.0,Movie_318,Theater,Action,2012.0,7.98,25.79,97.0,3.7,422.84,Oceania
319.0,Movie_319,HBO,Thriller,1995.0,227.11,881.83,77.0,4.9,317.67,
320.0,Movie_320,Hulu,Action,2010.0,138.1,66.7,62.0,3.8,20.88,EU
321.0,Movie_321,Disney+,Sci-Fi,2012.0,,370.43,64.0,7.5,103.48,SA
322.0,,,Action,2005.0,270.12,867.56,,8.2,462.54,
323.0,Movie_323,,Action,2004.0,35.73,105.33,,8.5,183.12,Africa
324.0,Movie_324,Hulu,Sci-Fi,2014.0,286.82,928.06,,9.9,51.91,EU
,Movie_325,Disney+,Documentary,2025.0,94.88,413.95,56.0,8.1,351.23,Africa
,Movie_326,Disney+,,2000.0,266.63,815.51,57.0,6.4,149.8,Africa
327.0,Movie_327,,Sci-Fi,2004.0,181.28,549.36,88.0,4.1,134.5,SA
328.0,Movie_328,Theater,Thriller,1993.0,248.19,1230.08,80.0,5.9,,EU
329.0,Movie_329,,Romance,2010.0,295.22,,49.0,1.4,429.08,Oceania
330.0,Movie_330,,,,,207.5,49.0,7.7,204.03,Africa
331.0,Movie_331,Theater,Thriller,2011.0,288.38,1045.31,,5.0,490.13,
332.0,Movie_332,Theater,,2008.0,117.46,250.12,46.0,1.2,325.09,
333.0,Movie_333,HBO,Romance,2023.0,116.27,159.95,87.0,1.6,371.04,
334.0,Movie_334,Disney+,Documentary,2003.0,102.78,319.15,100.0,4.5,15.85,Asia
,Movie_335,Theater,Thriller,1993.0,162.88,759.42,89.0,6.3,60.89,Asia
,Movie_336,Disney+,Comedy,2016.0,47.09,219.77,77.0,5.2,316.58,Africa
337.0,Movie_337,Disney+,Comedy,2018.0,166.56,317.62,66.0,6.6,449.52,
338.0,Movie_338,Prime,Comedy,2017.0,162.97,453.07,91.0,5.3,311.91,
339.0,,HBO,Documentary,2024.0,228.81,296.24,72.0,7.0,67.1,
340.0,Movie_340,Theater,Documentary,1997.0,250.26,1246.16,40.0,,57.97,Africa
341.0,Movie_341,Netflix,Romance,2005.0,132.69,651.67,83.0,2.0,422.11,EU
342.0,Movie_342,Hulu,Action,2025.0,91.4,306.44,92.0,,69.74,
,Movie_343,Netflix,Romance,2019.0,78.54,320.5,99.0,5.4,260.16,EU
344.0,Movie_344,HBO,Romance,2007.0,59.19,,73.0,1.2,18.65,
345.0,Movie_345,,Documentary,1991.0,18.24,56.32,43.0,4.4,40.43,EU
346.0,Movie_346,HBO,Comedy,2002.0,,56.94,56.0,2.0,,EU
347.0,Movie_347,Disney+,Drama,1993.0,81.8,199.38,43.0,5.8,344.62,Oceania
348.0,Movie_348,Hulu,Action,2015.0,289.96,1006.59,82.0,4.6,170.8,
349.0,Movie_349,Disney+,,2014.0,167.75,584.51,93.0,6.5,,Oceania
,Movie_350,Netflix,Comedy,2019.0,104.84,215.31,65.0,8.3,,Asia
351.0,Movie_351,Netflix,Thriller,2000.0,174.56,824.96,43.0,3.7,108.63,
352.0,Movie_352,Hulu,Drama,1996.0,42.62,46.31,40.0,9.7,271.06,SA
353.0,Movie_353,Hulu,Drama,2020.0,133.77,354.72,46.0,,484.11,Africa
354.0,Movie_354,Theater,Documentary,,188.24,667.72,69.0,6.6,74.01,Africa
355.0,Movie_355,HBO,Sci-Fi,2002.0,147.18,,89.0,7.1,470.44,Oceania
356.0,Movie_356,Theater,Action,2020.0,121.13,405.62,48.0,7.0,91.53,
357.0,Movie_357,HBO,Drama,1996.0,298.16,475.22,100.0,5.6,283.76,SA
,Movie_358,Theater,Documentary,2025.0,264.21,273.24,74.0,4.9,188.57,EU
359.0,,Disney+,Documentary,2009.0,,616.34,47.0,1.5,482.47,
360.0,Movie_360,Hulu,Comedy,1993.0,,533.71,100.0,1.2,136.84,Asia
361.0,Movie_361,Netflix,Thriller,1996.0,186.58,213.26,63.0,4.2,199.89,Africa
,Movie_362,,Sci-Fi,1990.0,61.19,221.15,58.0,4.0,491.43,Asia
363.0,Movie_363,HBO,Action,2002.0,119.15,290.64,75.0,4.5,268.28,
364.0,Movie_364,Netflix,Romance,2011.0,12.8,44.01,89.0,2.2,251.36,Oceania
365.0,Movie_365,Theater,,2010.0,143.19,606.5,91.0,7.6,128.96,Africa
,Movie_366,HBO,Thriller,,163.36,179.32,98.0,8.7,350.71,Asia
367.0,Movie_367,Disney+,Comedy,2017.0,69.1,26.95,82.0,9.4,7.29,Oceania
368.0,,Hulu,Drama,1998.0,289.24,1145.91,66.0,5.4,24.85,
369.0,Movie_369,Netflix,Drama,2015.0,,863.98,71.0,,299.72,Asia
370.0,Movie_370,Hulu,Comedy,1998.0,216.92,778.38,53.0,8.7,170.9,EU
371.0,Movie_371,HBO,Documentary,2004.0,160.48,680.33,96.0,4.8,476.66,Oceania
372.0,,HBO,Drama,1999.0,261.12,1063.6,57.0,3.8,451.61,
373.0,Movie_373,Netflix,Sci-Fi,,40.07,,67.0,9.4,356.88,Asia
374.0,Movie_374,Disney+,Action,1997.0,237.36,669.09,99.0,5.6,409.09,EU
375.0,Movie_375,Prime,Thriller,2013.0,38.32,99.48,68.0,5.5,333.7,EU
376.0,Movie_376,Netflix,Thriller,2005.0,238.47,521.98,55.0,2.6,62.88,
377.0,Movie_377,Prime,Sci-Fi,2015.0,83.45,,74.0,2.0,382.8,SA
378.0,Movie_378,Theater,Drama,2016.0,263.25,787.45,86.0,8.6,105.17,Africa
379.0,Movie_379,Prime,Thriller,1993.0,283.27,453.79,98.0,6.5,,
380.0,Movie_380,Disney+,Romance,2013.0,45.49,210.63,,3.9,409.64,EU
381.0,Movie_381,Theater,Action,2008.0,139.34,423.73,70.0,2.7,268.31,
382.0,Movie_382,Prime,Action,2025.0,294.32,908.37,43.0,,429.98,
383.0,Movie_383,Theater,Thriller,1999.0,,286.44,76.0,6.3,106.6,SA
384.0,Movie_384,Prime,Comedy,2014.0,259.2,141.1,56.0,2.9,303.93,Africa
385.0,Movie_385,Disney+,Thriller,2007.0,177.03,79.52,78.0,,41.99,Asia
386.0,Movie_386,Prime,Comedy,2008.0,113.22,259.24,87.0,1.8,321.57,
387.0,Movie_387,Prime,Thriller,2025.0,86.45,60.3,85.0,,,Africa
388.0,Movie_388,Prime,Romance,1999.0,61.76,194.68,65.0,7.1,292.51,Africa
389.0,Movie_389,Netflix,,2022.0,228.78,1015.91,87.0,3.5,133.19,Oceania
390.0,Movie_390,Netflix,Action,,116.58,518.75,78.0,8.4,15.77,EU
391.0,Movie_391,Netflix,Thriller,,153.87,522.78,80.0,7.7,59.81,Asia
392.0,Movie_392,Disney+,Romance,2023.0,148.21,,43.0,8.1,311.19,
393.0,Movie_393,Theater,Comedy,2022.0,173.61,756.26,69.0,2.1,467.22,EU
394.0,Movie_394,HBO,Comedy,2010.0,259.81,,69.0,2.3,103.35,Oceania
395.0,Movie_395,Prime,Action,2006.0,294.24,360.23,61.0,3.6,367.54,Oceania
396.0,Movie_396,Prime,Sci-Fi,2011.0,122.87,462.72,50.0,5.7,433.24,EU
397.0,Movie_397,Disney+,Thriller,2004.0,248.43,409.08,41.0,7.7,260.49,SA
398.0,,Prime,Drama,2024.0,229.59,934.98,83.0,8.5,334.67,
399.0,Movie_399,Netflix,Comedy,2017.0,172.49,860.21,51.0,7.3,,
400.0,Movie_400,HBO,,1996.0,286.86,126.54,69.0,9.4,130.41,
401.0,Movie_401,Hulu,Documentary,2021.0,60.94,,75.0,7.6,148.52,
402.0,Movie_402,Prime,,2000.0,33.67,108.63,,3.8,0.41,EU
403.0,Movie_403,,Sci-Fi,1999.0,256.33,1249.58,65.0,3.4,481.55,SA
404.0,Movie_404,Hulu,Sci-Fi,1998.0,,328.86,92.0,7.3,458.78,
405.0,,HBO,Romance,2003.0,254.24,1088.84,46.0,2.7,382.31,Oceania
406.0,Movie_406,Hulu,Documentary,2002.0,268.03,159.01,100.0,1.8,39.63,EU
407.0,Movie_407,Netflix,Romance,2014.0,19.67,36.9,40.0,5.8,223.81,Asia
408.0,Movie_408,Theater,Documentary,1991.0,265.16,163.07,97.0,8.4,,Oceania
409.0,Movie_409,Theater,Thriller,2024.0,135.05,659.6,65.0,1.9,,
410.0,Movie_410,Hulu,,1996.0,153.62,635.95,62.0,8.1,308.13,SA
411.0,Movie_411,Disney+,Drama,2010.0,188.35,811.22,65.0,8.3,480.42,Africa
412.0,Movie_412,Hulu,Thriller,2007.0,277.99,1308.9,84.0,,451.44,
413.0,Movie_413,Prime,Drama,,,4.7,45.0,1.5,348.41,Asia
414.0,Movie_414,Prime,Thriller,2000.0,143.58,303.29,45.0,2.6,48.41,EU
415.0,Movie_415,Theater,Action,2013.0,206.63,,83.0,7.4,137.15,Asia
416.0,Movie_416,,Thriller,2008.0,217.09,280.2,47.0,7.4,160.1,Africa
417.0,Movie_417,Netflix,Romance,1993.0,,286.72,63.0,9.1,381.6,
418.0,,,Comedy,2015.0,41.2,103.2,61.0,6.2,401.14,Asia
419.0,Movie_419,Theater,Romance,2021.0,90.52,141.41,58.0,2.1,192.61,Africa
420.0,Movie_420,HBO,Comedy,2025.0,108.26,83.86,76.0,2.1,209.0,EU
421.0,,,Sci-Fi,2022.0,241.53,262.59,,7.5,22.35,SA
422.0,Movie_422,Prime,Romance,2025.0,84.35,83.69,70.0,2.7,144.64,
423.0,Movie_423,Prime,Sci-Fi,,,,76.0,4.0,225.7,EU
424.0,Movie_424,Theater,Drama,1998.0,287.28,1111.39,69.0,5.4,58.58,
425.0,Movie_425,Netflix,Drama,1997.0,3.65,17.7,96.0,1.2,226.69,Oceania
426.0,Movie_426,Hulu,Action,2022.0,299.35,708.5,81.0,3.2,426.6,EU
427.0,Movie_427,Prime,Thriller,1995.0,203.37,327.09,72.0,4.7,290.7,EU
428.0,Movie_428,Theater,Romance,1993.0,248.71,,49.0,3.5,39.56,EU
429.0,Movie_429,Theater,Sci-Fi,2002.0,89.09,163.34,76.0,2.2,95.92,EU
430.0,Movie_430,Disney+,Comedy,1991.0,5.28,9.01,51.0,7.6,237.32,Oceania
431.0,Movie_431,Hulu,,1994.0,221.62,308.67,93.0,8.3,,
432.0,Movie_432,HBO,Thriller,,250.41,227.75,69.0,3.3,179.43,Africa
433.0,Movie_433,Netflix,Drama,2021.0,222.4,334.8,66.0,8.0,264.68,Asia
434.0,Movie_434,HBO,Comedy,2010.0,43.71,86.11,78.0,4.5,292.24,SA
435.0,Movie_435,Hulu,Thriller,1997.0,226.27,784.65,48.0,5.6,398.45,Asia
,Movie_436,Hulu,Thriller,1997.0,230.91,137.17,93.0,8.7,170.55,Asia
437.0,Movie_437,,Sci-Fi,1992.0,197.9,255.17,60.0,7.7,402.75,SA
438.0,Movie_438,HBO,Sci-Fi,1992.0,230.07,943.84,51.0,8.2,,Oceania
439.0,Movie_439,Hulu,Romance,2011.0,253.93,251.53,94.0,2.2,27.81,
440.0,Movie_440,Theater,Romance,1995.0,184.47,,,1.6,277.14,SA
441.0,Movie_441,HBO,Documentary,1991.0,27.49,119.96,72.0,9.0,293.99,
,Movie_442,Hulu,Documentary,2012.0,146.8,150.93,82.0,4.5,,Oceania
443.0,Movie_443,Theater,Action,1991.0,24.22,16.68,92.0,3.6,363.06,Asia
,Movie_444,Disney+,Drama,2006.0,122.86,316.65,54.0,,458.89,
445.0,Movie_445,Hulu,Romance,2024.0,122.72,211.25,41.0,,454.18,Oceania
,Movie_446,HBO,,2023.0,20.74,61.14,91.0,8.8,302.33,Oceania
447.0,Movie_447,Prime,Comedy,2012.0,105.3,429.4,78.0,3.8,263.93,
,Movie_448,Hulu,Sci-Fi,2019.0,34.19,32.3,92.0,8.7,278.76,SA
449.0,Movie_449,Prime,Drama,1997.0,242.66,735.09,83.0,1.4,489.17,Africa
450.0,,,Documentary,2011.0,284.36,,93.0,1.4,386.61,
451.0,,Disney+,Sci-Fi,2025.0,22.62,22.1,57.0,6.6,53.22,SA
452.0,,Netflix,Action,1994.0,286.58,926.45,42.0,,389.24,Asia
453.0,Movie_453,Disney+,Drama,2002.0,157.25,249.42,46.0,3.9,85.35,Africa
454.0,,Hulu,,2018.0,90.57,234.83,82.0,7.1,223.73,Oceania
455.0,,Prime,Comedy,2020.0,23.98,16.47,57.0,4.0,105.31,Asia
456.0,Movie_456,Prime,Documentary,2005.0,150.69,370.7,83.0,2.6,344.82,SA
457.0,Movie_457,HBO,Thriller,,238.56,415.18,,3.5,438.67,SA
,Movie_458,Prime,Action,2005.0,212.42,884.77,76.0,5.1,145.25,Asia
459.0,Movie_459,HBO,Drama,2001.0,16.02,9.1,97.0,5.3,,
,Movie_460,Theater,Comedy,2006.0,22.8,,72.0,8.0,149.32,Oceania
461.0,Movie_461,Netflix,Action,2005.0,121.46,298.14,,7.8,336.21,Oceania
462.0,Movie_462,Hulu,Documentary,2001.0,89.29,331.05,98.0,5.1,164.45,SA
463.0,Movie_463,HBO,Action,1997.0,70.48,211.38,70.0,8.6,139.13,Asia
,Movie_464,Netflix,Drama,2009.0,85.02,292.12,97.0,,92.3,Africa
465.0,Movie_465,Prime,Romance,1992.0,241.24,953.41,50.0,3.3,248.81,SA
466.0,Movie_466,Prime,,2005.0,278.84,1213.61,43.0,8.5,138.05,SA
467.0,Movie_467,Netflix,Thriller,2019.0,122.13,216.81,,,365.53,SA
468.0,Movie_468,Prime,Action,,,769.21,57.0,9.8,38.4,SA
469.0,Movie_469,Theater,Documentary,2017.0,97.13,412.66,43.0,5.2,332.05,Asia
470.0,Movie_470,Theater,,1994.0,143.45,710.14,88.0,8.1,118.86,Africa
471.0,Movie_471,Netflix,Comedy,2009.0,68.58,307.29,73.0,4.6,244.69,Africa
472.0,Movie_472,HBO,Documentary,1990.0,192.5,393.84,68.0,4.8,143.12,
473.0,Movie_473,HBO,Sci-Fi,2019.0,293.72,,63.0,4.4,361.41,SA
474.0,Movie_474,Netflix,Drama,2010.0,181.44,471.77,61.0,7.5,472.66,SA
475.0,Movie_475,HBO,Drama,2009.0,,408.82,41.0,5.9,458.55,
476.0,Movie_476,HBO,,1995.0,194.7,509.16,83.0,9.5,291.75,Africa
477.0,Movie_477,Theater,Romance,,37.75,97.05,45.0,3.3,231.36,EU
478.0,Movie_478,HBO,,2007.0,266.71,,81.0,,409.17,Oceania
,Movie_479,Disney+,Thriller,1997.0,151.42,302.63,64.0,4.5,341.69,EU
480.0,Movie_480,Hulu,Romance,2021.0,135.36,587.6,94.0,,91.86,Africa
481.0,Movie_481,Prime,Comedy,2022.0,176.17,389.68,96.0,8.7,410.48,SA
,,Disney+,Documentary,2005.0,187.81,346.08,60.0,4.1,214.5,EU
483.0,Movie_483,HBO,Drama,2001.0,,54.66,94.0,6.9,,Asia
484.0,Movie_484,Theater,Romance,2023.0,,,98.0,,140.97,Asia
485.0,Movie_485,Netflix,Drama,2003.0,73.34,65.43,55.0,6.6,133.84,
486.0,,HBO,Sci-Fi,2025.0,214.47,,70.0,,259.65,Africa
,Movie_487,Theater,Action,2022.0,,,53.0,3.1,117.26,Africa
488.0,Movie_488,Hulu,Documentary,2012.0,241.38,271.51,,4.6,61.87,EU
489.0,Movie_489,HBO,Drama,1991.0,166.2,493.33,67.0,9.9,61.93,SA
490.0,Movie_490,Netflix,Action,2010.0,156.53,473.16,71.0,8.8,291.68,Africa
491.0,Movie_491,Theater,Romance,1991.0,,113.73,67.0,6.1,367.41,
492.0,Movie_492,Theater,Action,2016.0,232.83,775.39,90.0,5.6,160.83,
493.0,Movie_493,Theater,,1998.0,82.15,113.38,94.0,3.6,17.42,Oceania
494.0,,Hulu,Drama,1990.0,,433.21,88.0,5.7,63.7,Oceania
495.0,Movie_495,HBO,Sci-Fi,,,176.23,48.0,8.6,457.36,Africa
496.0,Movie_496,Hulu,Thriller,1992.0,41.01,139.84,97.0,7.2,246.82,EU
,Movie_497,Prime,Romance,2012.0,189.24,,84.0,3.6,226.84,
498.0,,Prime,Drama,2015.0,17.25,51.46,61.0,2.8,19.12,
499.0,Movie_499,HBO,Documentary,1993.0,,263.24,71.0,3.4,364.35,Oceania
500.0,Movie_500,Hulu,Romance,2007.0,95.96,154.46,44.0,2.5,264.08,Africa
501.0,Movie_501,Netflix,Comedy,1995.0,1.04,1.38,62.0,1.9,101.12,SA
502.0,Movie_502,Theater,Action,2024.0,153.83,,44.0,4.8,55.13,
503.0,Movie_503,Theater,,2011.0,15.01,62.75,81.0,2.0,191.76,
504.0,Movie_504,HBO,Documentary,,83.57,137.29,92.0,2.5,,
505.0,Movie_505,Prime,Comedy,2011.0,212.39,,71.0,5.9,432.66,Oceania
506.0,Movie_506,,Drama,,19.74,95.91,98.0,2.5,301.46,Africa
507.0,Movie_507,Theater,Sci-Fi,2007.0,,752.08,49.0,1.6,363.8,Oceania
508.0,Movie_508,,Romance,2024.0,2.14,2.08,98.0,3.9,57.67,Asia
,Movie_509,Hulu,,2019.0,74.8,154.12,78.0,,294.1,EU
510.0,Movie_510,Prime,Romance,2013.0,222.53,,,,333.52,
511.0,Movie_511,Hulu,Thriller,2019.0,95.56,193.67,,1.9,100.44,Asia
512.0,,Prime,Drama,2003.0,31.47,22.31,,,440.09,
513.0,Movie_513,,Romance,1995.0,108.71,317.1,68.0,9.2,97.58,Asia
,Movie_514,Disney+,Action,1992.0,81.85,,98.0,7.7,156.81,Africa
515.0,Movie_515,Prime,Drama,2005.0,252.97,1022.21,,5.8,310.32,SA
516.0,Movie_516,Netflix,Romance,1996.0,94.69,106.34,42.0,8.7,319.21,SA
517.0,Movie_517,HBO,Sci-Fi,2003.0,236.89,820.11,58.0,,349.72,Oceania
518.0,Movie_518,HBO,Documentary,1998.0,,,,1.1,,Asia
519.0,Movie_519,Hulu,Drama,2004.0,130.71,173.27,67.0,4.5,424.75,Africa
520.0,Movie_520,Prime,Documentary,2010.0,273.07,1203.73,68.0,8.7,266.47,
521.0,Movie_521,Netflix,Drama,2024.0,113.82,167.71,,4.1,235.71,Oceania
522.0,Movie_522,Hulu,Sci-Fi,1991.0,289.26,444.67,,1.3,490.55,
523.0,Movie_523,Disney+,Documentary,2016.0,27.7,8.4,45.0,,370.22,
524.0,Movie_524,Hulu,Comedy,1991.0,206.42,906.63,51.0,8.2,59.09,Asia
525.0,Movie_525,Hulu,Action,2024.0,148.65,598.35,86.0,2.4,378.29,Oceania
526.0,,Prime,Comedy,2007.0,116.91,379.78,77.0,5.8,47.71,
527.0,Movie_527,Disney+,Romance,2003.0,190.18,727.68,52.0,2.7,13.83,Oceania
,,,Sci-Fi,2009.0,211.45,214.54,68.0,7.5,201.87,Asia
529.0,Movie_529,Netflix,Comedy,2007.0,2.3,5.64,58.0,3.4,496.79,SA
530.0,Movie_530,Netflix,Drama,1999.0,50.92,99.33,42.0,,87.52,EU
531.0,Movie_531,HBO,Romance,2014.0,214.2,158.67,47.0,8.6,336.35,
532.0,,,Romance,1991.0,,517.61,47.0,5.3,86.78,Oceania
533.0,Movie_533,Disney+,Comedy,2014.0,289.85,1341.27,94.0,7.0,362.42,Oceania
534.0,Movie_534,HBO,Comedy,,,111.6,97.0,4.6,252.73,Oceania
535.0,Movie_535,Hulu,,,285.28,476.38,59.0,3.7,340.02,
536.0,Movie_536,Disney+,Action,2020.0,211.06,269.19,86.0,6.6,101.52,Africa
537.0,Movie_537,Netflix,Comedy,2003.0,90.12,127.91,43.0,2.4,372.84,Oceania
538.0,Movie_538,Netflix,Thriller,1990.0,32.5,,,4.4,497.81,SA
539.0,Movie_539,Prime,Comedy,2005.0,234.77,586.91,60.0,2.9,332.86,
540.0,Movie_540,Disney+,Documentary,1992.0,193.6,482.38,42.0,7.3,,Oceania
541.0,,Hulu,Drama,2024.0,15.41,59.71,84.0,9.5,,Oceania
542.0,Movie_542,HBO,Thriller,1995.0,108.66,111.5,47.0,10.0,,
543.0,Movie_543,HBO,Thriller,2014.0,,743.58,62.0,5.1,364.99,
544.0,Movie_544,Hulu,Documentary,2002.0,150.62,349.58,55.0,3.3,,Oceania
545.0,Movie_545,Theater,Documentary,2023.0,130.39,404.92,52.0,5.0,30.93,SA
546.0,Movie_546,Prime,Romance,1997.0,137.85,688.96,42.0,8.6,,
547.0,Movie_547,HBO,Action,2010.0,63.46,248.54,87.0,2.9,102.44,Africa
548.0,Movie_548,Disney+,Drama,2023.0,111.24,241.39,48.0,9.6,283.3,Oceania
549.0,Movie_549,Prime,Sci-Fi,1993.0,111.57,467.42,,,324.81,
550.0,Movie_550,,Thriller,2014.0,16.65,18.35,53.0,,151.38,SA
,,Netflix,Sci-Fi,2004.0,230.5,102.15,52.0,,230.04,Oceania
552.0,Movie_552,Prime,Comedy,1993.0,125.53,158.28,92.0,8.3,139.74,
553.0,Movie_553,HBO,Comedy,,246.83,468.96,,3.9,184.76,Asia
554.0,Movie_554,Prime,Sci-Fi,2021.0,255.25,689.11,46.0,1.1,,
555.0,,Prime,,2021.0,64.39,205.48,54.0,4.4,442.79,Oceania
556.0,Movie_556,Prime,Action,2017.0,197.55,904.75,46.0,3.7,,SA
557.0,Movie_557,Theater,Documentary,2002.0,142.21,383.44,77.0,1.3,441.22,
558.0,Movie_558,Prime,Comedy,2020.0,264.17,701.63,73.0,5.5,285.88,
559.0,Movie_559,Disney+,Romance,,65.51,35.12,80.0,4.6,165.9,Oceania
560.0,,,Comedy,2009.0,203.67,94.52,61.0,6.7,361.56,
561.0,Movie_561,Hulu,Drama,2007.0,182.72,528.14,63.0,6.6,253.93,EU
562.0,Movie_562,Prime,Action,2018.0,89.3,210.7,88.0,2.1,249.6,
563.0,Movie_563,HBO,,1995.0,41.84,177.58,76.0,9.8,55.16,
564.0,Movie_564,Prime,Drama,2021.0,195.84,206.65,83.0,2.7,194.82,Africa
565.0,Movie_565,HBO,Romance,2018.0,,,40.0,5.0,120.61,
566.0,Movie_566,,Action,1991.0,95.37,229.89,49.0,5.4,7.95,Oceania
567.0,,HBO,,,193.8,274.45,82.0,8.3,180.11,Africa
568.0,Movie_568,Hulu,Action,2008.0,119.14,63.52,55.0,1.9,45.0,SA
569.0,Movie_569,Netflix,Action,2020.0,,793.93,,4.9,128.49,
570.0,Movie_570,HBO,Action,1994.0,60.57,49.94,47.0,6.7,46.35,
571.0,Movie_571,HBO,Romance,2008.0,267.17,844.02,95.0,2.9,50.56,Oceania
572.0,Movie_572,Netflix,Comedy,2023.0,,140.92,88.0,6.6,99.59,Asia
573.0,Movie_573,,Drama,1999.0,110.97,123.78,64.0,9.3,499.92,Oceania
574.0,Movie_574,Prime,Action,2014.0,18.37,38.3,89.0,,1.19,Oceania
575.0,Movie_575,HBO,Thriller,1991.0,,139.65,51.0,1.3,,Oceania
576.0,Movie_576,Netflix,Comedy,2000.0,155.24,332.65,,3.1,70.71,SA
,Movie_577,Disney+,Comedy,2020.0,81.01,310.16,56.0,3.8,460.32,EU
578.0,Movie_578,,Drama,2004.0,250.81,223.17,99.0,4.6,46.91,
579.0,Movie_579,Disney+,Romance,1998.0,5.39,21.19,65.0,3.2,477.54,EU
580.0,Movie_580,Hulu,Sci-Fi,2012.0,114.35,,85.0,2.8,305.5,Asia
581.0,Movie_581,Prime,Sci-Fi,2008.0,101.87,354.89,87.0,9.6,0.73,EU
582.0,Movie_582,Netflix,Comedy,,6.78,20.06,53.0,9.3,447.01,
583.0,Movie_583,Theater,Documentary,,38.19,178.23,80.0,1.4,260.9,
584.0,Movie_584,,Documentary,2010.0,124.68,264.37,75.0,4.0,131.41,Asia
585.0,Movie_585,Hulu,Drama,,148.37,90.65,96.0,,383.66,
,Movie_586,Netflix,,2017.0,121.88,47.54,62.0,3.2,463.34,Asia
587.0,Movie_587,HBO,Comedy,1996.0,,668.75,82.0,6.7,241.9,Asia
588.0,Movie_588,Netflix,Romance,2005.0,178.94,494.99,45.0,6.8,157.85,
,Movie_589,Disney+,Sci-Fi,2005.0,3.97,15.66,86.0,,394.49,Africa
590.0,Movie_590,Netflix,Comedy,2022.0,139.76,195.92,44.0,7.7,340.92,Asia
591.0,Movie_591,Theater,Comedy,1993.0,,555.6,82.0,5.9,444.39,
,Movie_592,Netflix,Action,1993.0,156.19,68.96,,6.9,346.29,Africa
593.0,Movie_593,Netflix,Romance,2006.0,203.59,981.1,57.0,3.5,121.84,Asia
594.0,Movie_594,Theater,Action,2018.0,94.25,324.12,52.0,,465.84,Africa
595.0,Movie_595,Hulu,Drama,2025.0,,,82.0,5.4,52.51,SA
,Movie_596,Netflix,Action,,232.1,359.25,53.0,2.2,134.04,Oceania
597.0,Movie_597,Theater,,,156.87,497.89,67.0,3.2,260.15,SA
598.0,Movie_598,HBO,Action,2016.0,292.83,1021.67,57.0,3.6,282.91,Africa
599.0,Movie_599,Disney+,Thriller,2017.0,38.54,69.08,98.0,9.3,7.75,Asia
,Movie_600,Disney+,Sci-Fi,2011.0,6.07,26.02,99.0,,390.31,
601.0,,Netflix,Documentary,2003.0,231.28,,96.0,3.6,180.87,EU
602.0,Movie_602,Hulu,,1996.0,242.34,1080.55,,4.3,203.27,
603.0,Movie_603,Hulu,Thriller,2011.0,36.94,139.4,90.0,7.0,404.7,EU
604.0,Movie_604,HBO,Romance,1994.0,80.41,128.98,95.0,2.1,189.7,EU
605.0,Movie_605,Netflix,Action,,6.25,10.15,66.0,9.6,23.71,Asia
606.0,Movie_606,,Thriller,2016.0,,,71.0,8.8,88.3,Africa
607.0,Movie_607,Hulu,Romance,2010.0,232.17,80.87,86.0,,,
608.0,Movie_608,Netflix,Documentary,2004.0,155.87,571.33,48.0,7.1,35.3,Africa
609.0,Movie_609,,Documentary,2010.0,105.08,380.32,79.0,1.1,177.53,SA
610.0,Movie_610,Theater,Action,1999.0,112.15,361.87,71.0,4.1,251.64,Asia
611.0,Movie_611,Hulu,Drama,2012.0,1.4,6.93,59.0,8.2,246.69,Asia
612.0,Movie_612,Disney+,,1994.0,90.64,160.06,67.0,1.7,2.08,SA
613.0,,Prime,Sci-Fi,1990.0,194.29,368.74,72.0,3.5,250.63,
614.0,Movie_614,,,2002.0,292.28,196.12,43.0,6.3,191.95,Oceania
615.0,Movie_615,HBO,Comedy,,254.27,605.46,85.0,3.3,486.04,SA
,Movie_616,Disney+,Drama,2015.0,8.05,12.29,96.0,9.4,,
617.0,Movie_617,Hulu,Action,2010.0,269.67,516.13,73.0,2.2,177.14,EU
618.0,Movie_618,Netflix,Romance,2007.0,235.18,993.04,87.0,,209.8,Asia
619.0,Movie_619,Hulu,Drama,2021.0,234.33,1100.6,42.0,5.6,,
620.0,Movie_620,Disney+,Thriller,2025.0,137.94,161.8,65.0,7.8,332.95,Africa
621.0,Movie_621,HBO,Drama,2006.0,120.0,246.1,47.0,3.8,107.83,Africa
622.0,Movie_622,Hulu,Thriller,2024.0,91.57,427.13,45.0,5.6,110.61,Asia
623.0,Movie_623,HBO,Action,2000.0,20.64,12.19,55.0,,364.63,SA
624.0,Movie_624,Netflix,Thriller,2010.0,69.24,50.83,63.0,5.2,250.2,Oceania
625.0,Movie_625,,Drama,2015.0,74.73,79.6,87.0,4.2,207.64,SA
626.0,Movie_626,HBO,Romance,1993.0,145.74,451.43,78.0,5.8,84.68,
627.0,Movie_627,,Documentary,2023.0,224.49,226.11,69.0,7.5,93.84,SA
628.0,Movie_628,Prime,Drama,2007.0,142.67,691.94,84.0,5.0,5.37,Asia
629.0,Movie_629,Theater,,2024.0,18.3,43.91,,9.4,45.8,
630.0,Movie_630,Prime,Documentary,2018.0,287.38,763.61,44.0,3.7,278.46,EU
631.0,Movie_631,HBO,Thriller,2018.0,282.87,412.79,64.0,5.3,445.95,SA
632.0,,,Romance,2010.0,235.77,592.61,59.0,7.8,143.65,SA
633.0,Movie_633,HBO,Thriller,2002.0,297.41,1014.46,93.0,7.2,163.94,Oceania
634.0,Movie_634,Disney+,Action,,,627.44,57.0,8.8,57.89,
635.0,Movie_635,Disney+,Comedy,1998.0,288.87,1110.18,86.0,10.0,194.38,Africa
,Movie_636,Prime,Drama,,23.61,71.21,57.0,4.8,18.71,SA
637.0,Movie_637,Hulu,Comedy,1991.0,110.34,502.1,41.0,2.0,458.81,Asia
638.0,Movie_638,Netflix,Thriller,2018.0,68.39,283.26,49.0,1.3,336.59,SA
639.0,Movie_639,Prime,,2022.0,59.55,229.75,94.0,7.5,495.38,Oceania
640.0,Movie_640,Prime,Drama,1999.0,43.1,24.19,84.0,8.9,441.42,EU
641.0,Movie_641,Hulu,Thriller,2010.0,187.1,62.18,89.0,3.0,236.55,Oceania
642.0,Movie_642,Netflix,Documentary,2017.0,234.62,304.65,,2.4,259.89,SA
643.0,Movie_643,HBO,Sci-Fi,2000.0,,594.52,51.0,1.6,95.37,Africa
644.0,Movie_644,,Thriller,2023.0,,,86.0,8.4,231.07,SA
645.0,,Theater,Comedy,1997.0,243.53,533.65,52.0,3.8,451.52,
,,HBO,Drama,2011.0,191.15,852.06,89.0,4.6,,
,Movie_647,Prime,Comedy,1997.0,117.06,527.84,86.0,5.5,431.79,Africa
648.0,Movie_648,Netflix,,2004.0,202.56,926.33,96.0,8.6,170.54,
649.0,Movie_649,Prime,Thriller,2006.0,78.71,139.73,94.0,,449.77,
650.0,Movie_650,,Action,2012.0,104.21,369.73,50.0,6.5,470.45,
651.0,Movie_651,Prime,Documentary,2013.0,,434.11,58.0,,,Oceania
652.0,Movie_652,Prime,Thriller,2008.0,87.86,105.07,74.0,5.6,332.25,EU
653.0,Movie_653,HBO,Comedy,1994.0,141.53,165.27,78.0,,,Oceania
,Movie_654,HBO,Sci-Fi,2021.0,,509.7,92.0,9.8,417.79,
655.0,,HBO,Sci-Fi,1990.0,212.61,493.43,,2.8,480.81,
656.0,Movie_656,Theater,Romance,2012.0,19.6,82.43,85.0,1.1,387.56,
657.0,Movie_657,Disney+,Drama,1997.0,45.04,38.89,53.0,1.7,311.01,
658.0,Movie_658,HBO,Comedy,2002.0,3.34,12.54,93.0,4.4,303.44,Oceania
659.0,Movie_659,Netflix,Romance,1997.0,189.65,530.61,84.0,8.4,424.75,
660.0,Movie_660,Theater,Comedy,2012.0,134.85,222.95,83.0,,270.65,
661.0,Movie_661,,Drama,1990.0,41.15,107.66,63.0,5.1,401.95,
662.0,Movie_662,Netflix,Thriller,,287.42,491.41,80.0,4.0,254.49,Asia
663.0,Movie_663,Netflix,Thriller,2024.0,159.37,494.3,40.0,1.5,31.32,Africa
664.0,Movie_664,HBO,Sci-Fi,2013.0,73.33,171.52,90.0,5.1,192.04,Africa
665.0,Movie_665,Hulu,Thriller,2006.0,150.68,161.64,82.0,3.3,222.28,
666.0,Movie_666,Hulu,Thriller,1994.0,204.21,173.16,94.0,4.2,70.89,Asia
667.0,,Theater,Action,2009.0,23.8,,61.0,7.4,51.34,Asia
668.0,Movie_668,Hulu,Sci-Fi,2010.0,83.14,377.57,62.0,5.7,267.78,
669.0,Movie_669,Disney+,Romance,2020.0,242.28,464.35,95.0,,42.66,Oceania
670.0,Movie_670,HBO,Documentary,2025.0,138.44,518.47,93.0,9.7,,Oceania
,Movie_671,Hulu,Action,2000.0,164.43,558.36,,6.7,372.32,EU
672.0,Movie_672,Theater,Romance,2004.0,130.41,610.1,,7.9,482.22,
673.0,Movie_673,Disney+,Drama,2008.0,14.13,58.76,51.0,1.7,358.96,
674.0,Movie_674,Prime,Action,1996.0,,149.81,94.0,1.4,496.31,Oceania
675.0,Movie_675,Prime,Romance,2017.0,134.22,454.74,67.0,1.2,,Oceania
676.0,Movie_676,Disney+,Drama,1994.0,63.55,287.4,67.0,2.7,146.97,
677.0,,Theater,,1994.0,15.94,34.71,99.0,4.7,,EU
678.0,Movie_678,Disney+,Documentary,2019.0,253.25,464.95,98.0,9.4,351.11,EU
679.0,Movie_679,,Drama,2021.0,294.38,103.27,,,185.93,
,,HBO,Thriller,1997.0,238.15,996.61,58.0,3.6,8.96,EU
,Movie_681,Prime,Comedy,1999.0,256.28,1041.68,67.0,6.1,351.63,SA
682.0,Movie_682,Hulu,Drama,2021.0,73.35,58.02,98.0,,10.95,Oceania
683.0,Movie_683,Theater,Drama,2017.0,288.23,867.93,91.0,,315.63,Africa
684.0,,Prime,Documentary,,59.88,148.55,100.0,,81.89,Asia
,Movie_685,Hulu,Comedy,2020.0,285.48,244.92,,8.1,282.85,EU
686.0,Movie_686,Hulu,Thriller,1997.0,298.45,1464.99,76.0,9.9,252.01,EU
687.0,Movie_687,HBO,Romance,2014.0,213.81,279.89,65.0,3.3,6.86,Asia
688.0,Movie_688,Netflix,Romance,1998.0,294.36,181.33,74.0,5.6,181.5,EU
689.0,Movie_689,Netflix,Drama,1991.0,171.29,530.28,73.0,9.2,300.59,Asia
690.0,Movie_690,Disney+,Comedy,2004.0,78.6,296.53,74.0,8.1,,
691.0,Movie_691,HBO,Comedy,1992.0,131.66,59.57,79.0,5.4,444.33,SA
692.0,Movie_692,Hulu,Thriller,,178.47,606.08,55.0,9.5,241.98,SA
693.0,Movie_693,Theater,Documentary,1993.0,22.85,64.02,,1.5,364.24,Oceania
694.0,Movie_694,Netflix,Sci-Fi,,187.08,146.92,52.0,9.4,158.3,Africa
695.0,Movie_695,Hulu,Romance,2014.0,294.37,327.0,62.0,1.5,171.16,EU
,Movie_696,Netflix,Documentary,1999.0,57.84,171.75,99.0,5.9,97.31,Africa
697.0,Movie_697,Netflix,,2010.0,237.99,402.89,93.0,9.0,281.02,
698.0,,Netflix,Romance,2025.0,272.46,,61.0,3.4,157.35,SA
699.0,Movie_699,Theater,Documentary,2001.0,,1174.61,,5.3,42.28,
700.0,Movie_700,HBO,Romance,2016.0,288.08,1418.15,67.0,3.9,342.53,
701.0,Movie_701,Theater,Sci-Fi,1991.0,156.92,238.59,,,353.91,EU
702.0,Movie_702,Prime,Action,2002.0,293.22,1424.38,74.0,8.4,180.06,
703.0,Movie_703,Hulu,Sci-Fi,2021.0,227.44,529.21,99.0,7.4,38.45,SA
704.0,Movie_704,HBO,Thriller,,49.34,95.39,84.0,6.3,,Africa
705.0,,HBO,Action,,143.59,77.06,85.0,8.4,221.22,SA
706.0,,HBO,Drama,,215.78,118.25,47.0,4.5,334.37,EU
707.0,Movie_707,HBO,Documentary,2021.0,74.95,266.26,83.0,,157.78,SA
708.0,Movie_708,Theater,Action,2023.0,192.54,472.16,94.0,7.6,341.33,Asia
709.0,,HBO,Thriller,2000.0,200.31,273.35,94.0,4.2,435.76,Africa
710.0,Movie_710,Disney+,,1999.0,49.65,158.17,61.0,1.6,118.82,Asia
,Movie_711,,,2004.0,169.96,252.97,60.0,1.7,489.46,
,Movie_712,HBO,Romance,2006.0,231.72,698.61,65.0,2.0,193.25,Oceania
713.0,Movie_713,Hulu,Action,2007.0,150.17,298.58,79.0,8.8,133.7,EU
714.0,Movie_714,,Documentary,1998.0,4.62,19.27,,5.3,210.81,
,Movie_715,Disney+,Action,2014.0,3.7,15.38,64.0,7.4,47.29,Asia
716.0,,Hulu,Comedy,,107.75,274.07,80.0,4.5,62.94,SA
717.0,Movie_717,Netflix,Romance,2014.0,277.93,541.64,40.0,3.3,207.28,
718.0,,Prime,Documentary,,69.37,139.02,45.0,4.1,,SA
719.0,Movie_719,Netflix,Documentary,2019.0,190.67,779.24,,8.1,450.17,SA
720.0,Movie_720,Netflix,Drama,2009.0,67.4,,90.0,6.6,332.44,
721.0,Movie_721,,Sci-Fi,2010.0,97.18,124.64,62.0,9.4,52.7,
722.0,Movie_722,Netflix,Drama,,254.56,177.69,82.0,7.1,336.04,SA
723.0,,HBO,Documentary,2010.0,218.93,545.89,82.0,6.1,317.75,
724.0,Movie_724,Theater,Romance,2024.0,29.52,75.75,,6.5,402.9,Africa
725.0,Movie_725,Theater,Action,,129.18,549.31,71.0,9.5,412.64,Oceania
726.0,,Disney+,Action,2019.0,9.72,13.02,69.0,8.1,,Africa
727.0,Movie_727,Netflix,Romance,2001.0,144.79,302.71,52.0,1.2,207.12,EU
728.0,Movie_728,Disney+,Documentary,2007.0,199.07,816.09,,5.8,348.96,
,Movie_729,Hulu,Thriller,2010.0,36.43,151.95,57.0,,134.2,
730.0,,Prime,Action,,87.38,184.17,62.0,7.7,499.67,Oceania
731.0,Movie_731,Theater,Thriller,2010.0,119.95,294.82,54.0,2.9,87.75,SA
732.0,,Hulu,Action,,275.94,476.12,72.0,8.8,5.16,Africa
733.0,,Hulu,Action,1996.0,297.98,1395.44,60.0,9.6,74.49,
734.0,Movie_734,HBO,Sci-Fi,2012.0,14.43,12.38,96.0,3.1,387.96,SA
735.0,Movie_735,Prime,Sci-Fi,2021.0,228.54,1071.54,,8.9,223.45,EU
736.0,,Hulu,Comedy,2000.0,,394.11,,1.9,223.81,Oceania
737.0,Movie_737,Hulu,Drama,2011.0,118.34,,66.0,1.5,477.52,SA
738.0,Movie_738,Prime,Romance,2011.0,226.53,102.73,84.0,2.2,459.83,EU
739.0,Movie_739,Prime,,2014.0,275.61,698.75,83.0,1.5,155.67,
740.0,Movie_740,Hulu,Romance,2011.0,,632.41,57.0,,104.61,
741.0,Movie_741,Prime,Comedy,2017.0,173.56,,,1.5,424.26,EU
,Movie_742,Hulu,Sci-Fi,2018.0,107.78,364.85,90.0,3.4,453.02,Africa
,Movie_743,Hulu,,2002.0,236.48,1150.34,86.0,1.9,270.84,SA
744.0,Movie_744,,Thriller,2007.0,76.05,223.76,,3.7,314.75,Oceania
745.0,Movie_745,Netflix,Thriller,1991.0,,620.84,,1.8,128.53,Africa
746.0,Movie_746,Hulu,Documentary,2018.0,,67.28,81.0,7.0,400.42,Asia
,Movie_747,Disney+,,2010.0,197.33,446.56,46.0,2.2,316.1,EU
748.0,Movie_748,Theater,Documentary,2004.0,72.88,61.72,,8.7,251.81,Asia
749.0,Movie_749,Netflix,Romance,2016.0,58.29,185.37,87.0,8.4,,
750.0,Movie_750,Netflix,Drama,2020.0,275.55,1298.08,59.0,1.1,457.98,SA
751.0,Movie_751,Netflix,Action,2004.0,31.44,107.22,66.0,9.1,307.76,Africa
752.0,Movie_752,HBO,Thriller,2012.0,152.28,100.65,45.0,1.3,96.43,SA
753.0,Movie_753,,Sci-Fi,2013.0,67.03,131.84,66.0,3.2,303.23,SA
754.0,Movie_754,HBO,Sci-Fi,2002.0,12.64,36.51,48.0,1.3,338.76,
755.0,Movie_755,Hulu,Comedy,2011.0,11.77,25.84,92.0,4.0,262.93,EU
756.0,Movie_756,HBO,Sci-Fi,2022.0,53.39,,84.0,5.6,359.08,Africa
757.0,,HBO,Romance,1992.0,260.16,1074.19,96.0,8.2,290.77,SA
758.0,Movie_758,Theater,Thriller,2008.0,85.46,271.39,70.0,4.0,,Africa
,Movie_759,Disney+,Documentary,2012.0,285.19,586.14,60.0,7.3,26.94,Africa
760.0,Movie_760,HBO,Romance,,,262.38,,2.7,53.21,SA
761.0,,Theater,Comedy,2019.0,131.55,104.93,79.0,7.8,86.92,Oceania
762.0,Movie_762,Prime,,2014.0,174.45,343.32,87.0,3.1,345.12,Asia
763.0,Movie_763,Disney+,,1997.0,155.49,348.59,84.0,2.3,322.83,EU
764.0,Movie_764,HBO,Drama,2005.0,227.87,792.16,52.0,2.7,446.04,EU
765.0,Movie_765,Netflix,Comedy,,85.47,290.03,88.0,2.6,366.47,Oceania
,Movie_766,Prime,Drama,1990.0,106.56,67.08,62.0,5.6,254.23,
767.0,Movie_767,Prime,Action,1994.0,268.33,578.98,59.0,8.6,495.92,Oceania
768.0,Movie_768,Theater,Drama,1992.0,283.99,,76.0,1.7,133.13,
769.0,Movie_769,Prime,Action,1990.0,267.87,277.79,,7.4,416.61,
,Movie_770,Disney+,Action,1993.0,126.41,529.45,,6.9,213.45,Oceania
771.0,Movie_771,HBO,Drama,2024.0,234.33,116.46,67.0,8.9,324.4,EU
772.0,Movie_772,HBO,Comedy,2021.0,143.42,,56.0,3.2,363.66,Asia
773.0,Movie_773,Netflix,Documentary,2023.0,149.76,163.32,67.0,5.1,316.91,EU
774.0,Movie_774,Theater,Romance,2014.0,62.2,275.72,80.0,9.3,70.34,EU
,Movie_775,Netflix,Romance,1999.0,177.75,518.69,41.0,6.9,221.53,EU
776.0,Movie_776,Prime,Documentary,2010.0,56.65,78.6,64.0,4.5,280.76,Oceania
777.0,Movie_777,Netflix,Thriller,2016.0,100.14,266.51,97.0,2.2,424.54,Oceania
778.0,Movie_778,Disney+,Thriller,2016.0,,959.35,89.0,3.4,221.88,Oceania
779.0,Movie_779,HBO,Action,1991.0,62.92,302.21,,6.2,459.38,EU
780.0,Movie_780,Prime,Action,2002.0,,29.77,45.0,7.5,220.24,
781.0,Movie_781,Netflix,Comedy,1998.0,21.63,96.58,50.0,2.1,274.44,
,Movie_782,Theater,Sci-Fi,2025.0,282.29,1324.29,96.0,6.4,398.16,Africa
783.0,Movie_783,Disney+,,2011.0,152.57,702.92,100.0,6.0,291.58,
784.0,,Disney+,Action,2015.0,,405.58,77.0,5.6,480.11,
,Movie_785,Netflix,Romance,2001.0,243.45,793.69,,7.2,330.2,Africa
786.0,,HBO,Comedy,2006.0,250.91,550.77,84.0,8.5,261.4,EU
787.0,,Netflix,Drama,2003.0,100.33,384.89,50.0,3.9,11.89,Asia
788.0,Movie_788,,Comedy,2003.0,208.39,582.88,53.0,9.0,206.93,Asia
789.0,Movie_789,Netflix,,2023.0,231.57,806.78,41.0,2.4,149.69,
790.0,Movie_790,Disney+,Drama,2009.0,,455.21,79.0,2.6,374.08,Africa
791.0,Movie_791,Netflix,,2000.0,46.33,173.18,42.0,3.4,104.22,
792.0,,,Action,2005.0,262.89,1097.57,94.0,2.1,,EU
793.0,Movie_793,Theater,Comedy,2020.0,162.19,160.28,92.0,3.1,94.84,
794.0,Movie_794,Hulu,Comedy,1995.0,85.46,360.19,74.0,2.0,62.9,Asia
795.0,Movie_795,Netflix,Documentary,2008.0,128.14,363.84,72.0,8.4,155.57,Oceania
796.0,Movie_796,HBO,Romance,1993.0,12.23,52.22,,2.3,,Oceania
797.0,Movie_797,HBO,Romance,,39.23,,,,387.49,
,Movie_798,Theater,,2009.0,229.9,478.53,57.0,1.4,367.65,Africa
799.0,Movie_799,Disney+,Action,1999.0,1.0,4.6,88.0,9.5,398.69,
800.0,Movie_800,HBO,Action,2013.0,,185.88,91.0,7.4,134.78,SA
,Movie_801,HBO,Sci-Fi,2024.0,,671.03,100.0,,443.73,Asia
802.0,Movie_802,HBO,Documentary,2015.0,17.34,44.65,63.0,7.9,,
803.0,Movie_803,HBO,Romance,2010.0,291.95,793.01,84.0,5.6,168.24,SA
804.0,Movie_804,Prime,Drama,2010.0,68.61,,74.0,8.0,293.42,Africa
805.0,Movie_805,Prime,,1999.0,91.96,275.26,40.0,,51.54,
806.0,Movie_806,Disney+,Action,,91.88,168.0,75.0,6.8,365.09,
,Movie_807,Netflix,Comedy,2009.0,69.89,33.87,64.0,8.1,193.68,Oceania
808.0,Movie_808,HBO,Comedy,2006.0,1.44,,84.0,4.6,392.22,Asia
809.0,Movie_809,Theater,Sci-Fi,1996.0,219.07,72.29,88.0,1.0,246.5,Asia
810.0,Movie_810,Netflix,,1993.0,290.09,1420.94,99.0,8.6,90.52,Oceania
811.0,Movie_811,Theater,Action,,,329.34,82.0,4.4,367.41,Oceania
812.0,Movie_812,Netflix,Comedy,2003.0,199.25,429.83,,5.5,126.15,SA
813.0,Movie_813,Disney+,,1992.0,222.83,829.67,64.0,1.1,245.46,
814.0,Movie_814,HBO,Drama,,254.68,490.33,55.0,5.4,,Africa
815.0,Movie_815,HBO,Sci-Fi,2005.0,127.37,439.95,73.0,9.9,308.97,
816.0,,Hulu,,,,374.15,68.0,3.5,332.96,EU
817.0,Movie_817,Theater,Action,2013.0,98.26,466.71,58.0,4.6,189.4,Oceania
818.0,Movie_818,,Thriller,2023.0,214.07,466.89,62.0,7.2,,EU
819.0,Movie_819,,Action,2019.0,,976.34,,8.3,437.1,EU
820.0,Movie_820,,Romance,2007.0,55.3,85.71,64.0,4.8,354.0,SA
821.0,Movie_821,Hulu,Comedy,2008.0,111.91,554.47,55.0,3.8,356.85,Africa
822.0,Movie_822,Prime,,2020.0,270.68,113.99,93.0,9.4,126.28,Asia
823.0,Movie_823,,Drama,2008.0,242.2,759.68,90.0,7.1,328.44,
824.0,Movie_824,Prime,Sci-Fi,2008.0,,1004.5,48.0,2.1,99.18,Asia
825.0,Movie_825,Theater,Thriller,2011.0,226.52,800.48,40.0,,72.09,Africa
826.0,Movie_826,Theater,Documentary,2013.0,118.57,102.66,81.0,5.4,,Asia
827.0,Movie_827,Disney+,Comedy,2001.0,177.6,836.69,58.0,,311.23,Oceania
828.0,Movie_828,Disney+,Romance,,198.64,228.75,72.0,,215.55,Oceania
829.0,Movie_829,Prime,Drama,2020.0,24.46,78.93,73.0,8.9,144.15,SA
830.0,Movie_830,Hulu,,2025.0,163.8,,55.0,1.8,302.0,EU
831.0,Movie_831,Netflix,Documentary,2008.0,213.09,371.61,83.0,7.4,24.89,Africa
832.0,,Theater,Romance,2025.0,51.03,146.37,79.0,3.4,47.43,Africa
833.0,Movie_833,,,2019.0,234.41,529.96,94.0,7.8,16.53,Asia
834.0,Movie_834,HBO,Romance,2022.0,175.55,,57.0,7.5,249.63,
835.0,Movie_835,Theater,Sci-Fi,2007.0,285.71,315.25,73.0,,300.34,
836.0,Movie_836,,,2017.0,,30.99,64.0,5.6,,Asia
837.0,Movie_837,Disney+,Romance,2000.0,80.33,310.01,,2.3,,Africa
838.0,Movie_838,Netflix,Action,2022.0,180.86,817.57,84.0,8.8,115.27,Asia
839.0,Movie_839,Netflix,Drama,2006.0,89.67,,45.0,8.8,342.63,EU
840.0,Movie_840,HBO,Romance,1995.0,214.61,460.89,60.0,4.8,490.95,Asia
841.0,Movie_841,HBO,Documentary,,227.94,175.78,97.0,5.0,345.58,EU
842.0,Movie_842,Theater,Romance,2009.0,,11.96,45.0,3.7,441.61,Africa
843.0,Movie_843,Prime,Comedy,2016.0,154.64,527.33,71.0,7.4,474.1,SA
844.0,Movie_844,Disney+,Drama,,153.16,479.62,80.0,4.2,243.43,Oceania
845.0,Movie_845,Disney+,Comedy,1995.0,,118.78,87.0,3.4,351.19,EU
846.0,Movie_846,Theater,Drama,2003.0,279.94,391.61,82.0,4.9,426.0,SA
847.0,Movie_847,Hulu,Comedy,2000.0,248.42,,,1.8,178.37,SA
848.0,Movie_848,Prime,Romance,,209.47,884.85,70.0,7.7,130.77,EU
849.0,Movie_849,Theater,Romance,2015.0,214.58,1047.37,81.0,1.1,473.3,Africa
850.0,Movie_850,Prime,,,139.05,130.24,49.0,6.8,363.18,
851.0,Movie_851,Prime,Documentary,,276.38,383.6,69.0,2.6,,SA
852.0,Movie_852,Prime,Comedy,1999.0,208.68,914.34,,,224.6,SA
853.0,Movie_853,,Sci-Fi,1992.0,218.97,1019.17,91.0,6.7,,Africa
854.0,Movie_854,Disney+,Action,2002.0,258.65,587.72,57.0,9.9,273.58,Africa
855.0,Movie_855,,Comedy,2019.0,82.95,44.62,99.0,8.0,325.01,Asia
856.0,Movie_856,Prime,Comedy,,,,63.0,3.0,,Africa
857.0,Movie_857,Hulu,Action,2006.0,59.38,178.0,91.0,2.6,311.04,
858.0,Movie_858,,Romance,,104.26,223.81,100.0,8.8,270.09,
859.0,Movie_859,Theater,Comedy,2024.0,101.35,44.05,48.0,5.0,374.83,
860.0,Movie_860,Netflix,Romance,2015.0,293.58,892.86,70.0,2.2,363.81,Asia
861.0,Movie_861,Hulu,Action,1994.0,257.1,90.79,54.0,8.8,314.97,EU
862.0,Movie_862,,Romance,2018.0,210.65,842.74,43.0,8.3,179.96,
,Movie_863,Prime,Drama,2009.0,218.39,380.05,79.0,9.9,202.97,
864.0,Movie_864,Disney+,Sci-Fi,2010.0,169.06,82.71,48.0,9.2,485.22,
865.0,Movie_865,Netflix,Thriller,1999.0,,871.08,84.0,8.7,56.28,Oceania
866.0,Movie_866,,Comedy,1994.0,149.38,324.02,48.0,1.5,134.33,EU
867.0,Movie_867,HBO,Documentary,2025.0,114.77,559.72,,,246.25,Asia
868.0,Movie_868,Hulu,Sci-Fi,1995.0,49.75,142.17,43.0,6.1,,Asia
869.0,,Prime,Thriller,2015.0,236.08,376.22,,5.8,,
870.0,Movie_870,Netflix,,1993.0,220.6,801.74,,5.1,138.55,EU
871.0,Movie_871,Prime,Comedy,,,182.69,54.0,4.6,32.99,Oceania
872.0,Movie_872,Netflix,Romance,1990.0,8.53,38.81,74.0,4.9,353.02,
873.0,Movie_873,Hulu,Drama,2013.0,251.86,,96.0,6.1,119.18,Africa
874.0,Movie_874,Hulu,Action,2025.0,4.41,12.72,91.0,1.0,194.4,
875.0,Movie_875,HBO,Comedy,1995.0,211.41,113.67,44.0,3.3,221.91,
876.0,Movie_876,,Thriller,2020.0,291.11,670.36,94.0,,445.67,
877.0,Movie_877,Theater,Thriller,2009.0,131.86,,44.0,7.5,205.72,Africa
878.0,Movie_878,HBO,Drama,2013.0,71.26,291.21,59.0,2.6,,Asia
879.0,Movie_879,Prime,Drama,2014.0,211.76,286.79,54.0,5.9,262.21,Oceania
880.0,,HBO,Comedy,2025.0,245.32,334.27,57.0,7.4,481.48,EU
881.0,Movie_881,Theater,Romance,2010.0,,680.75,86.0,5.0,303.88,Asia
,Movie_882,Disney+,Documentary,2019.0,290.14,,41.0,1.2,491.7,EU
,Movie_883,Disney+,Thriller,2013.0,16.45,12.31,68.0,5.0,420.57,EU
884.0,Movie_884,Disney+,Thriller,2019.0,151.93,366.95,52.0,3.7,18.08,Oceania
885.0,Movie_885,Disney+,Drama,2011.0,215.82,407.04,43.0,,329.23,Oceania
,Movie_886,Netflix,Sci-Fi,2017.0,258.93,1137.28,81.0,2.1,143.45,
887.0,Movie_887,Disney+,Drama,1996.0,54.6,37.81,84.0,6.9,279.85,
888.0,Movie_888,Theater,Documentary,2024.0,240.2,310.41,49.0,1.5,139.74,Asia
889.0,Movie_889,Hulu,Romance,2017.0,166.26,637.87,100.0,5.0,174.5,Oceania
890.0,Movie_890,Hulu,Romance,2003.0,119.57,64.7,70.0,6.0,,Africa
,Movie_891,Netflix,Sci-Fi,,40.38,105.59,80.0,3.7,103.4,Asia
892.0,Movie_892,Disney+,Thriller,2005.0,,617.59,47.0,5.1,437.07,
893.0,,Disney+,Drama,2005.0,48.02,89.88,42.0,2.5,15.33,EU
894.0,,Disney+,,2020.0,93.63,,87.0,,45.53,EU
895.0,Movie_895,HBO,Documentary,2014.0,87.72,244.8,85.0,6.6,427.35,
896.0,Movie_896,Prime,Comedy,2002.0,,276.83,48.0,3.7,315.31,Africa
897.0,,HBO,Action,1995.0,202.14,604.07,,9.1,373.64,Oceania
898.0,Movie_898,,,,239.21,,,6.7,104.79,Oceania
,Movie_899,Disney+,Action,2025.0,75.89,293.9,50.0,4.9,,
900.0,Movie_900,Disney+,Thriller,2009.0,187.84,192.22,,1.3,368.64,SA
,Movie_901,HBO,Drama,2007.0,171.95,172.2,76.0,5.5,313.69,Asia
902.0,Movie_902,HBO,Sci-Fi,,250.02,390.14,100.0,7.9,235.9,Asia
903.0,Movie_903,Prime,,1993.0,271.92,543.04,81.0,,479.9,Africa
904.0,Movie_904,Hulu,Comedy,2022.0,4.63,,,8.3,338.11,
,Movie_905,Prime,Documentary,2016.0,202.53,707.76,75.0,3.3,453.88,
906.0,Movie_906,HBO,Comedy,1996.0,16.5,9.35,95.0,8.4,364.91,SA
907.0,Movie_907,,Documentary,1995.0,165.11,76.44,52.0,1.8,367.76,
908.0,Movie_908,HBO,Thriller,,87.0,186.35,51.0,8.8,40.1,
909.0,Movie_909,Theater,Drama,2007.0,92.73,331.66,76.0,5.5,179.8,Oceania
910.0,,Netflix,Action,2021.0,106.53,,49.0,3.7,429.2,Africa
911.0,Movie_911,HBO,Drama,2000.0,186.77,619.16,99.0,,116.38,Asia
912.0,,Netflix,Thriller,2009.0,100.88,153.46,95.0,4.9,,SA
,Movie_913,,Sci-Fi,2013.0,220.08,982.57,48.0,10.0,163.12,Africa
914.0,Movie_914,Prime,Sci-Fi,,121.95,549.96,91.0,3.0,110.3,EU
915.0,Movie_915,Theater,Thriller,1996.0,21.44,36.39,46.0,1.9,462.65,Oceania
916.0,,Prime,Documentary,2010.0,235.34,325.0,41.0,6.3,434.0,SA
917.0,Movie_917,Netflix,Romance,,86.44,193.03,93.0,5.4,249.89,Africa
918.0,,Theater,Romance,2003.0,130.4,186.54,95.0,,30.77,
919.0,Movie_919,Prime,Documentary,2010.0,205.95,712.63,99.0,7.0,357.31,EU
,Movie_920,HBO,,2007.0,100.4,419.92,62.0,3.4,311.74,SA
921.0,Movie_921,Disney+,Sci-Fi,1994.0,17.92,62.07,78.0,9.2,485.28,
922.0,,Netflix,Sci-Fi,1992.0,112.8,470.88,79.0,4.9,279.52,Oceania
923.0,Movie_923,Prime,,2012.0,,613.78,78.0,2.2,168.26,EU
924.0,Movie_924,Netflix,Sci-Fi,2015.0,192.88,199.57,60.0,7.7,259.56,Asia
925.0,Movie_925,Netflix,Comedy,2013.0,,,62.0,,489.63,
926.0,Movie_926,Theater,Action,2008.0,190.05,,68.0,3.8,348.21,Africa
927.0,Movie_927,,Sci-Fi,2014.0,60.5,209.03,53.0,6.6,336.02,SA
928.0,Movie_928,,Documentary,2010.0,126.08,198.2,65.0,3.0,120.42,EU
929.0,Movie_929,HBO,,2001.0,225.53,,,5.0,371.83,
930.0,Movie_930,Netflix,Drama,2022.0,31.31,,44.0,9.1,375.16,Asia
931.0,Movie_931,,Documentary,,84.08,86.95,94.0,2.2,158.71,SA
932.0,,Hulu,Action,1996.0,83.62,413.55,70.0,4.5,241.91,SA
933.0,Movie_933,Netflix,Documentary,2011.0,130.17,636.95,64.0,8.4,,
934.0,Movie_934,Netflix,Drama,2022.0,294.13,,70.0,9.7,,
935.0,Movie_935,Disney+,Comedy,2006.0,21.18,72.0,89.0,5.1,13.05,Oceania
,,HBO,Drama,2013.0,156.09,470.72,59.0,5.6,142.68,Oceania
937.0,,Hulu,Drama,2023.0,54.63,238.77,83.0,6.1,277.03,EU
938.0,Movie_938,Theater,Documentary,2017.0,291.23,483.55,94.0,,0.9,
939.0,Movie_939,Theater,Thriller,2011.0,34.88,87.13,56.0,8.7,141.68,EU
940.0,Movie_940,Prime,Romance,2006.0,121.68,,84.0,2.5,440.72,
941.0,Movie_941,,Sci-Fi,2023.0,221.63,494.81,41.0,4.9,296.86,SA
942.0,,Theater,Sci-Fi,,211.66,488.76,64.0,5.2,303.97,EU
943.0,Movie_943,,Comedy,1995.0,,235.99,52.0,8.1,201.74,Asia
944.0,Movie_944,HBO,Comedy,2023.0,104.61,308.8,97.0,6.4,338.27,
945.0,Movie_945,Prime,Sci-Fi,,119.89,515.25,,6.9,95.05,Oceania
946.0,Movie_946,Theater,Romance,1999.0,80.02,99.8,67.0,10.0,409.39,Oceania
947.0,Movie_947,Disney+,Sci-Fi,2010.0,62.39,292.72,81.0,1.7,58.43,Asia
948.0,Movie_948,Disney+,Thriller,1994.0,145.43,514.63,94.0,3.0,328.04,EU
949.0,Movie_949,Disney+,Romance,,81.29,338.93,45.0,4.7,170.64,
950.0,Movie_950,Theater,,2011.0,86.95,253.38,42.0,4.1,373.78,SA
951.0,,,Action,1991.0,197.37,,97.0,1.2,274.93,Africa
952.0,Movie_952,Hulu,Documentary,1999.0,290.59,109.3,74.0,1.8,226.23,
953.0,Movie_953,HBO,Thriller,2023.0,181.49,752.53,,7.1,,
954.0,Movie_954,Prime,Thriller,2005.0,24.02,11.74,50.0,,318.45,Asia
955.0,Movie_955,Prime,Comedy,2011.0,23.6,105.79,93.0,5.6,487.39,EU
956.0,Movie_956,Theater,Comedy,2001.0,285.48,1416.62,59.0,5.9,412.82,Oceania
957.0,Movie_957,Disney+,,2013.0,89.89,151.21,44.0,3.3,30.1,Oceania
958.0,Movie_958,Disney+,Thriller,1999.0,,36.76,58.0,7.9,,Asia
959.0,Movie_959,Netflix,Drama,,180.11,701.93,61.0,7.8,462.8,EU
,Movie_960,,Drama,2021.0,187.47,279.18,,6.3,251.57,Asia
961.0,Movie_961,,Documentary,1996.0,194.9,851.35,99.0,2.9,331.09,Oceania
,Movie_962,Prime,Drama,2010.0,80.95,63.41,58.0,1.9,,
963.0,Movie_963,Netflix,Romance,2009.0,5.52,,,,436.91,SA
964.0,,Netflix,Sci-Fi,2015.0,289.54,,55.0,6.3,250.96,EU
965.0,Movie_965,Theater,Action,1993.0,76.02,,,8.4,218.88,Africa
966.0,Movie_966,Prime,,2011.0,203.13,,,8.7,169.91,Africa
967.0,Movie_967,Theater,Romance,2004.0,212.28,387.27,43.0,5.2,359.54,
968.0,Movie_968,Hulu,Action,2010.0,,638.1,54.0,8.1,143.56,Asia
969.0,Movie_969,Netflix,Thriller,2004.0,94.56,292.47,64.0,9.5,125.02,Asia
970.0,Movie_970,Netflix,Thriller,,82.06,257.24,83.0,3.5,,
,Movie_971,HBO,Thriller,2017.0,179.7,630.37,94.0,4.6,88.69,
972.0,Movie_972,Hulu,Romance,2003.0,259.96,780.97,74.0,9.4,347.59,Oceania
973.0,,Netflix,Romance,2016.0,284.07,658.07,94.0,4.0,308.16,Oceania
974.0,Movie_974,Hulu,Comedy,2017.0,32.67,,53.0,9.2,241.49,
975.0,Movie_975,Prime,,2015.0,47.29,185.01,88.0,9.8,195.22,Oceania
976.0,Movie_976,Disney+,Drama,1991.0,283.48,386.52,58.0,7.0,454.54,
977.0,Movie_977,,Thriller,2014.0,221.22,786.23,77.0,8.4,14.66,Africa
,Movie_978,HBO,Documentary,1992.0,265.02,370.14,75.0,7.7,384.58,Asia
979.0,Movie_979,Prime,Sci-Fi,,61.59,199.49,46.0,7.3,450.96,
980.0,Movie_980,Hulu,Documentary,2022.0,176.69,673.41,69.0,,223.23,SA
981.0,Movie_981,Theater,Comedy,2024.0,210.64,279.72,58.0,,275.39,
982.0,Movie_982,,Comedy,1995.0,204.35,118.88,,4.1,,EU
983.0,Movie_983,Netflix,Comedy,2012.0,,112.65,64.0,7.0,106.22,Africa
984.0,,Hulu,Action,2014.0,5.6,17.63,55.0,1.9,260.12,EU
985.0,Movie_985,Disney+,Documentary,2008.0,,752.41,86.0,1.1,237.41,SA
986.0,Movie_986,Prime,Sci-Fi,1994.0,76.68,39.22,93.0,2.3,129.27,EU
987.0,Movie_987,Netflix,Sci-Fi,2000.0,135.63,508.68,79.0,7.4,409.31,EU
988.0,Movie_988,HBO,Romance,2001.0,287.32,547.11,90.0,9.8,449.81,EU
989.0,Movie_989,Theater,Romance,1999.0,120.31,306.68,47.0,9.8,390.99,EU
990.0,,Hulu,Thriller,,252.1,1176.21,57.0,5.4,97.76,
991.0,Movie_991,Prime,Romance,2013.0,57.37,106.72,67.0,8.8,43.47,Oceania
992.0,Movie_992,Prime,Comedy,2017.0,202.07,502.56,,7.6,302.76,Africa
993.0,,,Sci-Fi,2025.0,293.13,106.79,91.0,,,SA
994.0,Movie_994,Disney+,Documentary,2010.0,31.47,,58.0,6.2,336.45,Africa
,Movie_995,,Comedy,,3.49,5.29,81.0,2.2,265.26,
,Movie_996,Theater,Action,1998.0,130.64,56.29,56.0,9.4,331.43,
997.0,Movie_997,,Romance,,28.7,93.78,84.0,4.2,295.13,
998.0,Movie_998,Netflix,Comedy,2007.0,224.77,517.89,52.0,5.0,211.41,Oceania
999.0,Movie_999,Netflix,Comedy,2009.0,274.45,789.4,46.0,7.0,100.52,
1000.0,Movie_1000,HBO,Action,1995.0,130.77,146.57,66.0,4.0,152.92,EU
